MIAE002c01a_pT4SSi_1	GCF0000001
PSPU012c01a_T5aSS_3	GCF0000002
MIAE002c01a_Tad_1	GCF0000003
MAMA001c01a_Tad_1	GCF0000004
LEBU001c01a_T5aSS_3	GCF0000005
DESU001c01a_T4SS_typeT_1	GCF0000006
NEGO002c01a_T4SS_typeF_1	GCF0000007
FLPS001c01a_T1SS_1	GCF0000008
SARU001c01a_T1SS_1	GCF0000009
POGL001c01a_T1SS_1	GCF0000010
PSFO001c01a_T1SS_3	GCF0000011
BRSP002c01a_T5aSS_6	GCF0000012
CEJA001c01a_T1SS_1	GCF0000013
VINI001c02a_T1SS_3	GCF0000014
DESA001c01a_T1SS_3	GCF0000015
VAPA003c01a_T5cSS_1	GCF0000016
BAFR003c01a_T1SS_1	GCF0000017
AGTU001c01a_T5aSS_1	GCF0000018
TRSU001p01a_pT4SSt_1	GCF0000019
DEBR001c01a_T5aSS_3	GCF0000020
DEPS001c01a_T5aSS_8	GCF0000021
DESL001c01a_T1SS_3	GCF0000022
BRMI001c01a_T5cSS_1	GCF0000023
RAEU001c01a_T1SS_1	GCF0000024
BUCE001c02a_T5aSS_1	GCF0000025
BUTH001c02a_T5aSS_2	GCF0000026
BOBR003c01a_T5aSS_13	GCF0000027
HIBA001c01a_T1SS_2	GCF0000028
JASP001c01a_T5aSS_7	GCF0000029
BUPE001c02a_T5cSS_2	GCF0000030
PSFL006c01a_T5aSS_2	GCF0000031
PSRE001c01a_T5aSS_1	GCF0000032
MESP001c01a_T5aSS_1	GCF0000033
PHZU001c01a_T5bSS_1	GCF0000034
FUNU002c01a_T4SS_typeT_1	GCF0000035
ILPO001p02a_T4SS_typeT_1	GCF0000036
HYDE002c01a_T5bSS_1	GCF0000037
SESP001c01a_T5bSS_3	GCF0000038
RUMA001c01a_T1SS_1	GCF0000039
THDE001c01a_T5bSS_2	GCF0000040
ACMA001p05a_T4SS_typeC_1	GCF0000041
BUPS008c02a_T5aSS_1	GCF0000042
GEMA001c01a_T5bSS_1	GCF0000043
GEUR001c01a_T5bSS_1	GCF0000044
ACCD001c01a_pT4SSt_1	GCF0000045
MEAA001c01a_T5bSS_1	GCF0000046
MEME001c01a_T5bSS_1	GCF0000047
NIMU001c01a_T5bSS_1	GCF0000048
SUDI001c01a_T5bSS_2	GCF0000049
THDE001c01a_T5bSS_1	GCF0000050
RHPA001c01a_T5bSS_1	GCF0000051
MEFG001c01a_T5bSS_3	GCF0000052
SETE001c01a_T5bSS_3	GCF0000053
SETE001p01a_T5bSS_1	GCF0000054
TAEQ001c01a_T5cSS_4	GCF0000055
TAAS001c01a_T5cSS_8	GCF0000056
STMO001c01a_T5aSS_3	GCF0000057
STMO001c01a_T5aSS_2	GCF0000058
DISH001c01a_T5aSS_1	GCF0000059
SETE001c01a_T5aSS_5	GCF0000060
ARBU002c01a_T5bSS_3	GCF0000061
ARLL001c01a_T5bSS_1	GCF0000062
ARBU002c01a_T5bSS_1	GCF0000063
CACL001c01a_T5bSS_1	GCF0000064
CAFE001c01a_T5bSS_1	GCF0000065
ARNI001c01a_T5bSS_2	GCF0000066
ARNI001c01a_T5bSS_3	GCF0000067
HYDE001c01a_T5aSS_1	GCF0000068
SUDN001c01a_T5bSS_1	GCF0000069
SUDN001c01a_T5bSS_2	GCF0000070
SUDN001c01a_T5bSS_3	GCF0000071
SUBA001c01a_T5bSS_2	GCF0000072
SUDE001c01a_T5bSS_1	GCF0000073
PRVI001c01a_T1SS_1	GCF0000074
BAFR001c01a_T6SS_bact_2	GCF0000075
PRIN001c01a_T6SS_bact_1	GCF0000076
FLBR001c01a_T6SS_bact_1	GCF0000077
PHAB001c01a_T6SS_2	GCF0000078
CHPI001c01a_T6SS_bact_2	GCF0000079
NIKO001c01a_T6SS_bact_1	GCF0000080
BASA001c01a_T6SS_bact_1	GCF0000081
DYFE001c01a_T6SS_bact_1	GCF0000082
BAFR001c01a_T6SS_bact_1	GCF0000083
RUSL001c01a_T6SS_bact_1	GCF0000084
SPLI001c01a_T6SS_bact_1	GCF0000085
FIAE001c01a_T6SS_bact_1	GCF0000086
FLCO001c01a_T6SS_bact_1	GCF0000087
FLJO001c01a_T6SS_bact_1	GCF0000088
LA5H001c01a_T6SS_bact_1	GCF0000089
CEAL001c01a_T6SS_bact_1	GCF0000090
CHPI001c01a_T6SS_bact_1	GCF0000091
MEEL001c01a_T5cSS_2	GCF0000092
PADI001c01a_T1SS_1	GCF0000093
TAFO001c01a_T1SS_1	GCF0000094
EMOL001p05a_T1SS_1	GCF0000095
FLIN001c01a_T1SS_1	GCF0000096
FLTA001c01a_T1SS_1	GCF0000097
BACF001c01a_T1SS_2	GCF0000098
BAFR003c01a_T1SS_3	GCF0000099
PEHE001c01a_T1SS_1	GCF0000100
DYFE001c01a_T1SS_2	GCF0000101
RUSL001c01a_T1SS_5	GCF0000102
SPLI001c01a_T1SS_2	GCF0000103
HAHY001c01a_T1SS_4	GCF0000104
EMOL001c01a_T1SS_1	GCF0000105
PEHE001c01a_T1SS_2	GCF0000106
SP21001c01a_T1SS_1	GCF0000107
DYFE001c01a_T1SS_3	GCF0000108
ZUPR001c01a_T1SS_2	GCF0000109
RUSL001c01a_T1SS_3	GCF0000110
EMOL001c01a_T1SS_2	GCF0000111
FIAE001p01a_T4SS_typeB_1	GCF0000112
RUSL001p04a_T4SS_typeB_1	GCF0000113
ECVI001c01a_T4SS_typeB_2	GCF0000114
FLJO001c01a_T4SS_typeB_2	GCF0000115
SOCA001c01a_T4SS_typeB_1	GCF0000116
ECVI001c01a_T4SS_typeB_4	GCF0000117
ZUPR001c01a_T4SS_typeB_2	GCF0000118
SP21001c01a_T4SS_typeB_1	GCF0000119
ALFI001c01a_T4SS_typeB_1	GCF0000120
BAFR003c01a_T4SS_typeB_3	GCF0000121
BAXY001c01a_T4SS_typeB_4	GCF0000122
ECVI001c01a_T4SS_typeB_3	GCF0000123
SPLI001p01a_T4SS_typeB_1	GCF0000124
POGI003c01a_T4SS_typeB_2	GCF0000125
BAXY001c01a_T4SS_typeB_1	GCF0000126
BAVU001c01a_T4SS_typeB_4	GCF0000127
BASA001c01a_T4SS_typeB_1	GCF0000128
BASA001c01a_T4SS_typeB_5	GCF0000129
BASA001p01a_T4SS_typeB_1	GCF0000130
CYMA001c01a_T4SS_typeB_1	GCF0000131
BAVU001c01a_T4SS_typeB_2	GCF0000132
MURU001c01a_T4SS_typeB_1	GCF0000133
ANVA001c01a_T5bSS_1	GCF0000134
CYTC005c01a_T5bSS_1	GCF0000135
OSAC001c01a_T5bSS_2	GCF0000136
CYTC003c01a_T1SS_3	GCF0000137
LE73001c01a_T1SS_2	GCF0000138
CYTC001c01a_T1SS_3	GCF0000139
SYPC005c01a_T1SS_1	GCF0000140
STCY001c01a_T5bSS_1	GCF0000141
ANCY001c01a_T5bSS_3	GCF0000142
BAAU001c01a_T5aSS_1	GCF0000143
SHBA007p01a_T4SS_typeF_1	GCF0000144
RIFE001c01a_T5aSS_6	GCF0000145
CYTC003c01a_T5bSS_1	GCF0000146
CYTC006c01a_T5bSS_1	GCF0000147
STMO001c01a_T4SS_typeT_1	GCF0000148
STMO001c01a_T5cSS_14	GCF0000149
STMO001c01a_T5cSS_10	GCF0000150
DEAC001c01a_T5bSS_1	GCF0000151
LE73001c01a_T5bSS_1	GCF0000152
SYCC003c01a_T5aSS_1	GCF0000153
LEPN008c01a_T4SS_typeG_2	GCF0000154
BROL001c01a_T5aSS_6	GCF0000155
BRJA001c01a_T5bSS_1	GCF0000156
HEPY044c01a_T4SS_typeT_1	GCF0000157
HEPY029c01a_T4SS_typeT_1	GCF0000158
HEPY006c01a_T4SS_typeT_2	GCF0000159
HECE001c01a_T4SS_typeT_1	GCF0000160
HECI002c01a_pT4SSt_1	GCF0000161
CAFE001c01a_T5aSS_1	GCF0000162
CAJE015p01a_T4SS_typeT_1	GCF0000163
CAHO001c01a_T4SS_typeT_1	GCF0000164
CACO001c01a_T5bSS_1	GCF0000165
CACO001p01a_T5bSS_1	GCF0000166
ACXY001c01a_T5aSS_3	GCF0000167
AGTU001p01a_T5aSS_1	GCF0000168
AGTU001p01a_T5aSS_2	GCF0000169
RHVA001c01a_pT4SSt_2	GCF0000170
CACL003p01a_T4SS_typeT_1	GCF0000171
MESI001p01a_T4SS_typeT_1	GCF0000172
AZLI001p02a_T1SS_1	GCF0000173
ACDR001c01a_T5bSS_1	GCF0000174
ACBA011c01a_T5bSS_1	GCF0000175
ACSP001c01a_T5bSS_2	GCF0000176
RHPA001c01a_T5aSS_3	GCF0000177
XAOR002c01a_T5aSS_4	GCF0000178
RH2A001c01a_T5aSS_1	GCF0000179
STML004c01a_T5aSS_1	GCF0000180
COFU001c01a_T5aSS_5	GCF0000181
STML004c01a_T1SS_1	GCF0000182
ME44000c01a_T5aSS_1	GCF0000183
RHIR001c02a_T5aSS_2	GCF0000184
CHPH001c01a_T5aSS_1	GCF0000185
DESA001c01a_T4SS_typeT_1	GCF0000186
RHPP001p01a_T3SS_1	GCF0000187
BRJA001c01a_T3SS_1	GCF0000188
BROL001c01a_T3SS_1	GCF0000189
PAAM001c01a_T3SS_1	GCF0000190
OWHO001c01a_T1SS_1	GCF0000191
PSTO001c01a_T1SS_1	GCF0000192
KR4H001c01a_T1SS_1	GCF0000193
FLJO001c01a_T1SS_2	GCF0000194
CRAT001c01a_T1SS_1	GCF0000195
FLBR001c01a_T1SS_1	GCF0000196
FLCO001c01a_T1SS_1	GCF0000197
ZUPR001c01a_T1SS_1	GCF0000198
MATR001c01a_T1SS_1	GCF0000199
NOPU001p02a_T4SS_typeC_1	GCF0000200
NOPU001p03a_T4SS_typeC_1	GCF0000201
PRMA010c01a_T5cSS_1	GCF0000202
SYCC003c01a_T5cSS_1	GCF0000203
CREP001c01a_T1SS_1	GCF0000204
NOPU001c01a_T1SS_1	GCF0000205
CYSA001c01a_T5bSS_1	GCF0000206
CHTA001c01a_T5bSS_1	GCF0000207
THEL001c01a_T5cSS_1	GCF0000208
SYPP001c01a_T5cSS_1	GCF0000209
SYPP002c01a_T5cSS_3	GCF0000210
SYPP003c01a_T5bSS_1	GCF0000211
SYCC001c01a_T5aSS_2	GCF0000212
SYCC003c01a_T1SS_2	GCF0000213
SYCC002c01a_T1SS_1	GCF0000214
SYWH001c01a_T1SS_1	GCF0000215
HEPY045c01a_T5aSS_1	GCF0000216
BRJA002c01a_T5aSS_1	GCF0000217
BUPS009c02a_T1SS_1	GCF0000218
DESU001c01a_T5aSS_1	GCF0000219
SUDN001c01a_T1SS_2	GCF0000220
SUSP001c01a_T1SS_1	GCF0000221
SUKU001c01a_T1SS_3	GCF0000222
DEAE001c01a_T1SS_1	GCF0000223
DEPS001c01a_T1SS_1	GCF0000224
MEAA001c01a_T1SS_3	GCF0000225
SHVI001c01a_T1SS_3	GCF0000226
VIAL001c01a_T1SS_1	GCF0000227
VIVU001c02a_T1SS_3	GCF0000228
OSNI001c01a_T5bSS_2	GCF0000229
SY75001c01a_T5bSS_1	GCF0000230
DASA001c01a_T5bSS_2	GCF0000231
TRER001c01a_T5bSS_1	GCF0000232
DEOL001c01a_T5cSS_1	GCF0000233
PEPH001c01a_T5bSS_1	GCF0000234
CYAP001c01a_T5bSS_2	GCF0000235
PL73001c01a_T5bSS_2	GCF0000236
RIBE001c01a_T5aSS_6	GCF0000237
CACO001c01a_T1SS_1	GCF0000238
SUDE001c01a_T1SS_1	GCF0000239
RIPE001c01a_T1SS_1	GCF0000240
RIBE001c01a_T5aSS_4	GCF0000241
ORTS002c01a_T1SS_1	GCF0000242
ORTS002c01a_T5aSS_5	GCF0000243
ORTS002c01a_T5aSS_1	GCF0000244
ORTS002c01a_T5aSS_3	GCF0000245
ORTS002c01a_T5aSS_4	GCF0000246
RITY002c01a_T5aSS_3	GCF0000247
RIAM001c01a_T4SS_typeF_1	GCF0000248
XENE001c01a_T1SS_2	GCF0000249
RIBE002c01a_T5aSS_3	GCF0000250
SYCC001c01a_T1SS_1	GCF0000251
SY63001c01a_T5bSS_1	GCF0000252
CHTA001c01a_T5bSS_2	GCF0000253
GL74001c01a_T5bSS_1	GCF0000254
OSNI001c01a_T5bSS_3	GCF0000255
NOPC001c01a_T5bSS_4	GCF0000256
NOAZ001c01a_T5bSS_1	GCF0000257
ANCY001c01a_T5bSS_1	GCF0000258
NIEU001c01a_T5aSS_1	GCF0000259
BUCG001c02a_T5aSS_1	GCF0000260
BUPH001c02a_T5cSS_1	GCF0000261
CYTC006c01a_T5bSS_3	GCF0000262
RHTR001p03a_T5bSS_1	GCF0000263
RHPA005c01a_T5aSS_4	GCF0000264
RHPA004c01a_T5aSS_1	GCF0000265
PHAB001c01a_T5bSS_2	GCF0000266
PSSU001c01a_T1SS_1	GCF0000267
RHCE001c01a_T1SS_2	GCF0000268
MEPE001c01a_T1SS_2	GCF0000269
CHVI001c01a_T1SS_1	GCF0000270
NOPU001c01a_T1SS_7	GCF0000271
NOPC001c01a_T1SS_1	GCF0000272
RI71001c01a_T1SS_5	GCF0000273
RI71001c01a_T5bSS_3	GCF0000274
NO75001c01a_T1SS_1	GCF0000275
CHTA001c01a_T1SS_5	GCF0000276
CHTA001c01a_T1SS_7	GCF0000277
CHTA001c01a_T1SS_2	GCF0000278
LE73001c01a_T1SS_1	GCF0000279
AN90001c01a_T1SS_3	GCF0000280
TRER001c01a_T1SS_1	GCF0000281
NO75001c01a_T1SS_8	GCF0000282
SYEL002c01a_T1SS_2	GCF0000283
LE73001c01a_T5cSS_1	GCF0000284
CYTC002c01a_T1SS_3	GCF0000285
CYAP001c01a_T5bSS_1	GCF0000286
MI71001c01a_T5bSS_3	GCF0000287
GE74001c01a_T5bSS_2	GCF0000288
PSFO001c01a_T5aSS_4	GCF0000289
SYCC003c01a_T1SS_1	GCF0000290
PL73001c01a_T1SS_3	GCF0000291
CA75001c01a_T1SS_4	GCF0000292
NO75001c01a_T1SS_7	GCF0000293
RI71001c01a_T1SS_2	GCF0000294
GL74001c01a_T1SS_2	GCF0000295
NOPU001c01a_T1SS_4	GCF0000296
CA63001c01a_T1SS_2	GCF0000297
ANCY001c01a_T1SS_3	GCF0000298
CHMI001c01a_T1SS_1	GCF0000299
MYAE001c01a_T1SS_1	GCF0000300
DETH001c01a_T1SS_1	GCF0000301
NOPU001c01a_T1SS_8	GCF0000302
CA63001c01a_T1SS_3	GCF0000303
CA75001c01a_T1SS_7	GCF0000304
ACMA001c01a_T1SS_2	GCF0000305
SY75001c01a_T1SS_1	GCF0000306
PS73001c01a_T1SS_1	GCF0000307
TIMO001c01a_T5aSS_3	GCF0000308
GLVI001c01a_T1SS_1	GCF0000309
CYTC006p05a_T5bSS_1	GCF0000310
SETE001c01a_T5aSS_17	GCF0000311
SETE001c01a_T5aSS_13	GCF0000312
LEBU001c01a_T5aSS_2	GCF0000313
DEPI001c01a_T1SS_2	GCF0000314
NOPU001p04a_T4SS_typeC_1	GCF0000315
NOPU001p04a_T5bSS_1	GCF0000316
CYST001p01a_T4SS_typeC_1	GCF0000317
ANVA001p03a_T4SS_typeC_1	GCF0000318
CHTA001p02a_T4SS_typeC_1	GCF0000319
RI71001c01a_T4SS_typeC_2	GCF0000320
MI71001p01a_T4SS_typeC_1	GCF0000321
ACMA001c01a_T1SS_3	GCF0000322
PL73001c01a_T1SS_4	GCF0000323
CYTC001c01a_T5bSS_1	GCF0000324
CYTC005c01a_T5bSS_2	GCF0000325
CYGR001c01a_T1SS_1	GCF0000326
ANCY001p03a_T5bSS_1	GCF0000327
CYTC001c02a_T4SS_typeC_1	GCF0000328
CYST001p03a_T4SS_typeC_1	GCF0000329
GL74001p04a_T4SS_typeC_1	GCF0000330
OSNI001p04a_T4SS_typeC_1	GCF0000331
CA63001c01a_T4SS_typeC_2	GCF0000332
CHMI001p02a_T4SS_typeC_1	GCF0000333
CYTC006c01a_T4SS_typeC_1	GCF0000334
AN90001c01a_T5bSS_1	GCF0000335
CA63001c01a_T5bSS_4	GCF0000336
CYTC006c01a_T5bSS_4	GCF0000337
STCY001c01a_T5bSS_4	GCF0000338
RI71001c01a_T1SS_3	GCF0000339
CYST001c01a_T5bSS_2	GCF0000340
RI71001c01a_T5bSS_7	GCF0000341
TRER001c01a_T5bSS_2	GCF0000342
SYPP002c01a_T5cSS_1	GCF0000343
NOPU001c01a_T5bSS_3	GCF0000344
CYST001c01a_T5bSS_1	GCF0000345
NO75001c01a_T5bSS_1	GCF0000346
CA75001c01a_T5bSS_1	GCF0000347
RI71001c01a_T5bSS_6	GCF0000348
ANCY001c01a_T5bSS_2	GCF0000349
NOPC001c01a_T5bSS_3	GCF0000350
MI71001c01a_T5bSS_1	GCF0000351
CA63001c01a_T5bSS_1	GCF0000352
NOPC001c01a_T5bSS_1	GCF0000353
MI71001c01a_T5bSS_4	GCF0000354
NOSP001c01a_T5bSS_1	GCF0000355
SYEL002c01a_T1SS_1	GCF0000356
STMO001c01a_T5cSS_19	GCF0000357
STMO001c01a_T5cSS_3	GCF0000358
STMO001c01a_T5cSS_16	GCF0000359
STMO001c01a_T5cSS_21	GCF0000360
COAK001c01a_T5aSS_1	GCF0000361
ANVA001c01a_T1SS_2	GCF0000362
NOPU001c01a_T1SS_3	GCF0000363
MI71001c01a_T5bSS_2	GCF0000364
SY63001c01a_T1SS_2	GCF0000365
STCY001c01a_T5bSS_3	GCF0000366
CHMI001c01a_T1SS_2	GCF0000367
NOSP001c01a_T1SS_5	GCF0000368
CHMI001c01a_T1SS_3	GCF0000369
CYAP001c01a_T1SS_1	GCF0000370
HAPC001c01a_T1SS_1	GCF0000371
NO75001c01a_T1SS_6	GCF0000372
CYST001c01a_T1SS_3	GCF0000373
PS73001c01a_T5bSS_1	GCF0000374
CYTC004p03a_T4SS_typeC_1	GCF0000375
BATR001c01a_pT4SSt_2	GCF0000376
RAY9001c01a_T5aSS_6	GCF0000377
ANDE002c01a_T4SS_typeT_1	GCF0000378
XAAL001p01a_T4SS_typeT_1	GCF0000379
PALA001c01a_T5aSS_2	GCF0000380
PALA001c01a_T5aSS_3	GCF0000381
BRPN001c02a_T5aSS_1	GCF0000382
BRME001c01a_T5aSS_2	GCF0000383
OCAN001c02a_T5aSS_5	GCF0000384
BUYI001p03a_T4SS_typeF_1	GCF0000385
PSPU010c01a_T4SS_typeF_1	GCF0000386
MEPE001p01a_T4SS_typeF_1	GCF0000387
BOPT001c01a_T4SS_typeT_2	GCF0000388
PUT7001c01a_T4SS_typeT_1	GCF0000389
ACAV001c01a_T4SS_typeG_2	GCF0000390
AZSP001c01a_T4SS_typeG_1	GCF0000391
SIME003p01a_T5aSS_1	GCF0000392
LECH001c01a_T1SS_3	GCF0000393
CUNE001p02a_T4SS_typeT_1	GCF0000394
BUCC004c03a_T5cSS_3	GCF0000395
BOPT001c01a_T5aSS_2	GCF0000396
CUME001c02a_T5bSS_2	GCF0000397
BRJA002c01a_T5aSS_6	GCF0000398
DEAS001c01a_T1SS_1	GCF0000399
DEVU003c01a_T1SS_1	GCF0000400
DEVU002c01a_T1SS_1	GCF0000401
DHRE001c01a_T1SS_1	GCF0000402
DEDE002c01a_T1SS_1	GCF0000403
CEJA001c01a_T1SS_3	GCF0000404
BRSP001c01a_T5aSS_2	GCF0000405
LISE001c01a_Flagellum_1	GCF0000406
BAAN003c01a_Flagellum_1	GCF0000407
ENCA001c01a_Flagellum_1	GCF0000408
CA17001c01a_Flagellum_1	GCF0000409
ETHA001c01a_Flagellum_1	GCF0000410
CLSA001c01a_Flagellum_1	GCF0000411
ANMO001c01a_Flagellum_1	GCF0000412
THLI001c01a_Flagellum_1	GCF0000413
ACCA001c01a_Flagellum_1	GCF0000414
KOVE001c01a_Flagellum_1	GCF0000415
IGAL001c01a_Flagellum_1	GCF0000416
PEMA001c01a_Flagellum_1	GCF0000417
ACN9001c01a_Flagellum_1	GCF0000418
BLSA001c01a_Flagellum_1	GCF0000419
ACMI001c01a_Flagellum_1	GCF0000420
NOCA001c01a_Flagellum_1	GCF0000421
HAOR001c01a_Flagellum_1	GCF0000422
ASEX001c01a_T5aSS_1	GCF0000423
VAPA001c01a_Flagellum_1	GCF0000424
ADFE001c01a_Flagellum_1	GCF0000425
SYTH001c01a_Flagellum_1	GCF0000426
COWO001c01a_Flagellum_1	GCF0000427
MOTH001c01a_Flagellum_1	GCF0000428
HACH001c01a_Flagellum_1	GCF0000429
DEME001c01a_Flagellum_1	GCF0000430
BODU001c01a_Flagellum_1	GCF0000431
SPTR002c01a_Flagellum_1	GCF0000432
CLAD001c01a_Flagellum_1	GCF0000433
MAAU001c01a_Flagellum_1	GCF0000434
CLCA001c01a_Flagellum_1	GCF0000435
THMR001c01a_Flagellum_1	GCF0000436
CLSE001c01a_Flagellum_1	GCF0000437
BUPR001c01a_Flagellum_1	GCF0000438
CLLE001c01a_Flagellum_1	GCF0000439
THOC001c01a_Flagellum_1	GCF0000440
ALAC001c01a_Flagellum_1	GCF0000441
SERU001c01a_Flagellum_1	GCF0000442
EXSP001c01a_Flagellum_1	GCF0000443
LYSP001c01a_Flagellum_1	GCF0000444
HEMO001c01a_Flagellum_1	GCF0000445
THPH001c01a_Flagellum_1	GCF0000446
ALME001c01a_Flagellum_1	GCF0000447
CLST001c01a_Flagellum_1	GCF0000448
SYWO001c01a_Flagellum_1	GCF0000449
ACAR001c01a_Flagellum_1	GCF0000450
NATH001c01a_Flagellum_1	GCF0000451
CLPA001c01a_Flagellum_1	GCF0000452
AMDE001c01a_Flagellum_1	GCF0000453
PETH001c01a_Flagellum_1	GCF0000454
DEGI001c01a_Flagellum_1	GCF0000455
DECA001c01a_Flagellum_1	GCF0000456
DEAX001c01a_Flagellum_1	GCF0000457
CAHY001c01a_Flagellum_1	GCF0000458
DEAU001c01a_Flagellum_1	GCF0000459
DETO001c01a_Flagellum_1	GCF0000460
MEOX001c01a_Flagellum_1	GCF0000461
SAKE001c01a_Flagellum_1	GCF0000462
ACCE001c01a_Flagellum_1	GCF0000463
MOCU001c01a_Flagellum_1	GCF0000464
RHMA002c01a_Flagellum_1	GCF0000465
DEPR001c01a_Flagellum_1	GCF0000466
GELO001c01a_Flagellum_1	GCF0000467
LEFE001c01a_Flagellum_1	GCF0000468
NIDE001c01a_Flagellum_1	GCF0000469
BA1N001c01a_Flagellum_1	GCF0000470
OPTE001c01a_Flagellum_1	GCF0000471
COPR001c01a_Flagellum_1	GCF0000472
PLBR001c01a_Flagellum_1	GCF0000473
SPTH001c01a_Flagellum_1	GCF0000474
SUAI002c01a_Flagellum_1	GCF0000475
GEAU001c01a_Flagellum_1	GCF0000476
COBA001c01a_T1SS_3	GCF0000477
RHCE001c01a_T1SS_1	GCF0000478
PAAM001c01a_T5cSS_1	GCF0000479
SPSY001c01a_T1SS_1	GCF0000480
BOBR003c01a_T5aSS_2	GCF0000481
PUT7001c01a_T5aSS_3	GCF0000482
BOBR003c01a_T5aSS_14	GCF0000483
SEPR001c01a_T5aSS_2	GCF0000484
ZYMO003c01a_Flagellum_1	GCF0000485
SPJA001c01a_Flagellum_1	GCF0000486
SPAL001c01a_Flagellum_1	GCF0000487
OCAT001c01a_Flagellum_1	GCF0000488
RHSP002c01a_Flagellum_1	GCF0000489
PUMA001c01a_Flagellum_1	GCF0000490
PSIN001c01a_Flagellum_1	GCF0000491
VIFU001c01a_Flagellum_1	GCF0000492
PSBR001c01a_Flagellum_1	GCF0000493
PSME001c01a_T5bSS_1	GCF0000494
YEPS002c01a_T5aSS_3	GCF0000495
YEPE007c01a_T5cSS_3	GCF0000496
MESI001c01a_T1SS_1	GCF0000497
RAEU001c01a_T5bSS_1	GCF0000498
RAEU002c02a_T5bSS_2	GCF0000499
YEEN002c01a_Flagellum_2	GCF0000500
PSRE001c01a_Flagellum_1	GCF0000501
BUCC004c03a_Flagellum_1	GCF0000502
STML001c01a_Flagellum_1	GCF0000503
PSSA001c01a_T4SS_typeG_1	GCF0000504
DECS001c01a_Flagellum_1	GCF0000505
SOGL001c01a_Flagellum_1	GCF0000506
ACXY001c01a_Flagellum_1	GCF0000507
PHAB001c01a_Flagellum_1	GCF0000508
SILI001c01a_Flagellum_1	GCF0000509
THSP001c01a_Flagellum_1	GCF0000510
NIMU001c01a_Flagellum_1	GCF0000511
OCGK001c01a_Flagellum_1	GCF0000512
SHPI001c01a_Flagellum_2	GCF0000513
FRAU001c01a_Flagellum_1	GCF0000514
PSDE001c01a_Flagellum_1	GCF0000515
ACCD001c01a_Flagellum_1	GCF0000516
PRST001c01a_T5cSS_1	GCF0000517
HAHA001c01a_Flagellum_1	GCF0000518
PSEN001c01a_T5aSS_7	GCF0000519
BUXE001c03a_T5aSS_1	GCF0000520
MERA001p04a_T4SS_typeT_1	GCF0000521
MAMR001c01a_T1SS_1	GCF0000522
BOPA002c01a_pT4SSt_1	GCF0000523
PHGA002c01a_Flagellum_1	GCF0000524
KEVU001c01a_Flagellum_1	GCF0000525
RHSP004c01a_Flagellum_2	GCF0000526
HYNE001c01a_Flagellum_1	GCF0000527
PABE001c01a_Flagellum_1	GCF0000528
ROLI001c01a_T1SS_1	GCF0000529
HAIN007c01a_T5cSS_1	GCF0000530
HASO002c01a_T5cSS_11	GCF0000531
AZB5001p03a_T1SS_1	GCF0000532
BRAV001c01a_T5aSS_1	GCF0000533
BRJA002c01a_T5aSS_7	GCF0000534
BACG001c01a_Flagellum_1	GCF0000535
HYDE001c01a_Flagellum_1	GCF0000536
PSFO001c01a_Flagellum_1	GCF0000537
RHVA001c01a_Flagellum_1	GCF0000538
POGL001c01a_Flagellum_1	GCF0000539
AGH1001c01a_Flagellum_1	GCF0000540
MELO001c01a_Flagellum_1	GCF0000541
MECI001c01a_T5aSS_2	GCF0000542
AZB5001p05a_Flagellum_1	GCF0000543
RHCE001c01a_Flagellum_1	GCF0000544
NIHA001c01a_T5aSS_1	GCF0000545
HYDE002c01a_T1SS_1	GCF0000546
DEMA001c01a_T5aSS_1	GCF0000547
POSP001c01a_T5bSS_1	GCF0000548
CHVI001c01a_T5aSS_1	GCF0000549
CEJA001c01a_T1SS_4	GCF0000550
ESCO002c01a_T5bSS_1	GCF0000551
RAAQ002c01a_T5aSS_5	GCF0000552
MEJ7001c01a_T5bSS_1	GCF0000553
DEIN001c01a_T4SS_typeF_1	GCF0000554
SYAC001c01a_T4SS_typeF_1	GCF0000555
DEAE001c01a_T4SS_typeF_1	GCF0000556
PEPR001p01a_T4SS_typeF_1	GCF0000557
MEEL001c01a_T5cSS_7	GCF0000558
OCAN001p04a_T5aSS_1	GCF0000559
HESE001c01a_T5bSS_4	GCF0000560
KLOX002c01a_T5aSS_1	GCF0000561
BOAV001c01a_T5bSS_1	GCF0000562
BU38001c03a_T5cSS_1	GCF0000563
CHVI001c01a_T5aSS_3	GCF0000564
DIDA002c01a_T5aSS_3	GCF0000565
PSBR001c01a_T5bSS_3	GCF0000566
COTE002c01a_T5bSS_2	GCF0000567
PSSY001c01a_T5aSS_2	GCF0000568
COFU001c01a_T5aSS_1	GCF0000569
SAEN034c01a_T5aSS_5	GCF0000570
BOBR002c01a_T5aSS_14	GCF0000571
SILI001c01a_T5aSS_1	GCF0000572
RHLE003c01a_T5aSS_1	GCF0000573
AGAP001c01a_T5cSS_2	GCF0000574
NELA001c01a_T5cSS_3	GCF0000575
EDTA002c01a_T5aSS_2	GCF0000576
SADE001c01a_T1SS_1	GCF0000577
PAVA001p03a_T5aSS_1	GCF0000578
YEPE006c01a_T5aSS_8	GCF0000579
ENCL004c01a_T5aSS_3	GCF0000580
BUPS004c01a_T5cSS_1	GCF0000581
COFU001c01a_T5aSS_9	GCF0000582
BUAM001c02a_T5bSS_3	GCF0000583
VAPA002c01a_T5aSS_3	GCF0000584
CA63001c01a_T5bSS_2	GCF0000585
STCY001c01a_T5bSS_5	GCF0000586
NOPU001c01a_T5bSS_2	GCF0000587
GL74001c01a_T5bSS_2	GCF0000588
RI71001c01a_T5bSS_1	GCF0000589
OSNI001c01a_T5bSS_1	GCF0000590
HEAR001c01a_T1SS_1	GCF0000591
HESE001c01a_T1SS_1	GCF0000592
HASO002c01a_T5cSS_16	GCF0000593
PSFL004c01a_T5aSS_1	GCF0000594
COFU001c01a_T5aSS_8	GCF0000595
RAPI002p01a_T5bSS_1	GCF0000596
BUGD001c01a_T5bSS_3	GCF0000597
BUXE001c02a_T5bSS_1	GCF0000598
CIRO001c01a_T5aSS_8	GCF0000599
EDIC001c01a_T5bSS_2	GCF0000600
PECR002c01a_T5bSS_2	GCF0000601
GE74001c01a_T5bSS_3	GCF0000602
AGVI001c01a_T1SS_2	GCF0000603
TH3A001c01a_T5bSS_1	GCF0000604
RHET001c01a_T1SS_2	GCF0000605
MASP001c01a_T5aSS_1	GCF0000606
ISPA001c01a_T1SS_1	GCF0000607
BRSP001c01a_T1SS_7	GCF0000608
COBA001c01a_T1SS_2	GCF0000609
PSFU001c01a_T1SS_2	GCF0000610
ACPH001c01a_T1SS_1	GCF0000611
NIHA001c01a_T1SS_4	GCF0000612
LAHO001c01a_T5aSS_1	GCF0000613
ASEX001c01a_T4SS_typeT_1	GCF0000614
JASP001c01a_T5aSS_4	GCF0000615
CAK3001c01a_T5aSS_1	GCF0000616
TIMO001c01a_T5aSS_1	GCF0000617
BOPE002c01a_T5aSS_5	GCF0000618
BURH001c01a_T5cSS_2	GCF0000619
PUT7001c01a_T5aSS_5	GCF0000620
DESU001c01a_T5bSS_1	GCF0000621
CHVI001c01a_T1SS_4	GCF0000622
THSP001c01a_T5aSS_1	GCF0000623
ALEH001c01a_T5bSS_1	GCF0000624
RHSP001p02a_T5cSS_1	GCF0000625
RHSP003p04a_T5cSS_1	GCF0000626
PSFO001c01a_T5cSS_2	GCF0000627
BOBR003c01a_T5aSS_4	GCF0000628
JASP001c01a_T5aSS_11	GCF0000629
SIMD001p03a_T5aSS_1	GCF0000630
HAEL001c01a_T1SS_1	GCF0000631
RAEU002c01a_T5aSS_1	GCF0000632
RAEU001c02a_T5aSS_1	GCF0000633
RHLE001c01a_T5aSS_3	GCF0000634
COFU001c01a_T5cSS_2	GCF0000635
MESP001c01a_T5aSS_4	GCF0000636
COFU001c01a_T5cSS_6	GCF0000637
RHPA002c01a_T5aSS_8	GCF0000638
TIMO001c01a_T1SS_1	GCF0000639
PEUB001c01a_T5aSS_6	GCF0000640
MEME001c01a_T5aSS_4	GCF0000641
ME44000c01a_T1SS_1	GCF0000642
BRS2001c01a_T1SS_3	GCF0000643
BRSP002c01a_T1SS_2	GCF0000644
BRJA002c01a_T1SS_3	GCF0000645
ALEH001c01a_T2SS_1	GCF0000646
PHLU001c01a_T5aSS_1	GCF0000647
BU38001c01a_T5aSS_1	GCF0000648
EDTA003c01a_T5cSS_2	GCF0000649
ERBI001c01a_T5aSS_1	GCF0000650
STMO001c01a_T5cSS_13	GCF0000651
ACXY002c01a_T5aSS_6	GCF0000652
HAPA002c01a_T5cSS_1	GCF0000653
PAMU001c01a_T5aSS_2	GCF0000654
HASO002c01a_T5cSS_15	GCF0000655
TAEQ002c01a_T5cSS_6	GCF0000656
RAAQ002c01a_T5aSS_4	GCF0000657
ACXY001c01a_T5bSS_1	GCF0000658
BOPT001c01a_T5bSS_1	GCF0000659
JASP001c01a_T5aSS_6	GCF0000660
ACXY002c01a_T5bSS_2	GCF0000661
JASP001c01a_T5bSS_4	GCF0000662
PONA001c01a_T5bSS_2	GCF0000663
PS73001c01a_T5bSS_2	GCF0000664
RAAQ001c01a_T5aSS_5	GCF0000665
BOBR002c01a_T5aSS_1	GCF0000666
LEPN004c01a_T5aSS_1	GCF0000667
PRRU001c01a_T1SS_1	GCF0000668
MOMO001c01a_T1SS_1	GCF0000669
BRSP001c01a_T5bSS_2	GCF0000670
MESP001c01a_T5aSS_2	GCF0000671
GLXY001p06a_T4SS_typeI_1	GCF0000672
BEIN001p02a_T4SS_typeI_1	GCF0000673
MEOP001c01a_T1SS_4	GCF0000674
RHPA006c01a_T5aSS_7	GCF0000675
ACFE002c01a_Tad_1	GCF0000676
ACFE002c01a_T5cSS_1	GCF0000677
BROL001c01a_T1SS_5	GCF0000678
BROL001c01a_T1SS_8	GCF0000679
BUAM001c02a_T1SS_1	GCF0000680
XACI001c01a_T1SS_1	GCF0000681
RHET003c01a_T1SS_2	GCF0000682
BRS2001c01a_T1SS_4	GCF0000683
BRSP001c01a_T1SS_2	GCF0000684
ME44000c01a_T1SS_7	GCF0000685
CAK3001c01a_T1SS_1	GCF0000686
SEMA001c01a_T1SS_2	GCF0000687
CASE001c01a_T1SS_1	GCF0000688
AZKH001c01a_T1SS_4	GCF0000689
PAAN002c01a_T1SS_1	GCF0000690
NIDE001c01a_T1SS_1	GCF0000691
BUGL001p03a_T1SS_1	GCF0000692
BOPA002c01a_T1SS_1	GCF0000693
AGVI001c01a_T1SS_1	GCF0000694
PEPR001c01a_T1SS_1	GCF0000695
POJS001c01a_T1SS_2	GCF0000696
SPJA001c01a_T1SS_5	GCF0000697
DESA001c01a_T1SS_1	GCF0000698
MESC001c01a_T1SS_1	GCF0000699
BRSP001c01a_T1SS_6	GCF0000700
AZB5001p01a_T1SS_1	GCF0000701
BROL001c01a_T1SS_2	GCF0000702
SIFR002c01a_T1SS_2	GCF0000703
MELO001c01a_T1SS_4	GCF0000704
BUYI001c03a_T5cSS_1	GCF0000705
PSPO001c01a_T5bSS_1	GCF0000706
RHLE001c01a_T5aSS_1	GCF0000707
NIWI001c01a_T1SS_2	GCF0000708
PADE001c02a_T1SS_1	GCF0000709
SIFR002c01a_T1SS_4	GCF0000710
RHLE002c01a_T1SS_3	GCF0000711
MESP001c01a_T1SS_3	GCF0000712
PSFO001c01a_T1SS_6	GCF0000713
NO1Y001c01a_T1SS_2	GCF0000714
BUAM001c02a_T5cSS_1	GCF0000715
MERA001p05a_T5aSS_1	GCF0000716
ALSA001c01a_T5cSS_1	GCF0000717
VICA001p01a_T4SS_typeT_1	GCF0000718
HAPI001c01a_T5cSS_3	GCF0000719
HAPA002c01a_T5cSS_7	GCF0000720
AZBR001p05a_T5aSS_1	GCF0000721
AZCA001c01a_T5aSS_6	GCF0000722
PSAE006c01a_T1SS_4	GCF0000723
PSEN001c01a_T1SS_4	GCF0000724
COFU001c01a_T1SS_4	GCF0000725
HADE001c01a_T5aSS_6	GCF0000726
BUCG001c01a_T5cSS_1	GCF0000727
PADE001c02a_T1SS_2	GCF0000728
HAEL001c01a_T1SS_2	GCF0000729
HACH001c01a_T5aSS_1	GCF0000730
PHPR001c02a_T1SS_2	GCF0000731
VIAL001c02a_T1SS_3	GCF0000732
SHVI001c01a_T5cSS_1	GCF0000733
COBA001c01a_T1SS_4	GCF0000734
XEBO001c01a_T5aSS_4	GCF0000735
XENE001c01a_T5aSS_2	GCF0000736
DEAS001c01a_T5bSS_2	GCF0000737
DEPI001c01a_T5bSS_1	GCF0000738
SESP001c01a_T5bSS_4	GCF0000739
SESP001c01a_T5bSS_5	GCF0000740
SESP001c01a_pT4SSt_1	GCF0000741
RHPA001c01a_T1SS_1	GCF0000742
PAMU001c01a_T5cSS_2	GCF0000743
PHLU001c01a_T1SS_3	GCF0000744
PRST001c01a_T1SS_2	GCF0000745
PHLU001c01a_T1SS_4	GCF0000746
PSFL007c01a_T1SS_2	GCF0000747
MYXA001c01a_T4P_1	GCF0000748
CAHO001c01a_T5cSS_1	GCF0000749
BAMA001c01a_T4P_1	GCF0000750
ACXY002c01a_T5bSS_3	GCF0000751
AZBR001p05a_T5bSS_1	GCF0000752
BUYI001c01a_T5bSS_2	GCF0000753
BUPH001p02a_T5bSS_2	GCF0000754
BUCG001c03a_T5bSS_1	GCF0000755
BUXE001c03a_T5bSS_1	GCF0000756
YEPE008c01a_T5cSS_3	GCF0000757
SETE001c01a_T5aSS_14	GCF0000758
AZB5001p03a_T5aSS_1	GCF0000759
HAPC001c01a_T5bSS_2	GCF0000760
VAPA002c01a_T5cSS_2	GCF0000761
PECA001c01a_T4P_1	GCF0000762
GEBE001c01a_T4P_1	GCF0000763
DECS001c01a_T4SS_typeF_1	GCF0000764
TAEQ001c01a_T5aSS_2	GCF0000765
ACXY001c01a_T1SS_2	GCF0000766
ACKK001c01a_T1SS_1	GCF0000767
THNI001c01a_T1SS_1	GCF0000768
MEMO001c01a_T1SS_2	GCF0000769
POJS001c01a_T1SS_1	GCF0000770
DEAR001c01a_T1SS_1	GCF0000771
ACPH001c01a_T1SS_3	GCF0000772
CYP1001c01a_T1SS_1	GCF0000773
CHVI001c01a_T1SS_2	GCF0000774
PSNH001c01a_T1SS_1	GCF0000775
CHPH002c01a_T1SS_1	GCF0000776
PRAE001c01a_T1SS_1	GCF0000777
PSAT001c01a_T1SS_1	GCF0000778
MEPE001c01a_T1SS_1	GCF0000779
CEJA001c01a_T1SS_2	GCF0000780
MAHD001c01a_T1SS_1	GCF0000781
NELA001c01a_T5cSS_4	GCF0000782
STNO001c01a_T5aSS_4	GCF0000783
THK9001c01a_T1SS_1	GCF0000784
SUDI001c01a_T5bSS_1	GCF0000785
ACMA001c01a_T5bSS_2	GCF0000786
CHMI001c01a_T5bSS_1	GCF0000787
CYST001c01a_T5bSS_5	GCF0000788
MAHA006c01a_T5cSS_1	GCF0000789
TAEQ001c01a_T5aSS_1	GCF0000790
HAIN003c01a_T5aSS_1	GCF0000791
AGTU001c01a_T1SS_1	GCF0000792
LEPN004c01a_T4SS_typeT_1	GCF0000793
MAHA005c01a_T5cSS_1	GCF0000794
BUPE001c01a_T5bSS_2	GCF0000795
BUGD001c01a_T5bSS_4	GCF0000796
MAMA001c01a_T1SS_4	GCF0000797
AZSP001c01a_T1SS_3	GCF0000798
BUXE001c02a_T5cSS_1	GCF0000799
XAOR003c01a_T5cSS_2	GCF0000800
JASP001c01a_T5aSS_2	GCF0000801
JASP001c01a_T5bSS_3	GCF0000802
PECR001c01a_T5aSS_1	GCF0000803
PSNH001c01a_T5aSS_1	GCF0000804
HYDE001c01a_T5aSS_2	GCF0000805
BRSP001c01a_T5aSS_1	GCF0000806
CHVI001c01a_T5bSS_1	GCF0000807
TAAS001c01a_T5cSS_4	GCF0000808
CRSA001c01a_T5aSS_1	GCF0000809
AGVI001c02a_T5aSS_1	GCF0000810
DIDA002c01a_T5aSS_1	GCF0000811
RAAQ001c01a_T5bSS_1	GCF0000812
AGAP001c01a_T5cSS_1	GCF0000813
MEFG001c01a_T5bSS_2	GCF0000814
VIVU002c02a_T1SS_5	GCF0000815
SHBA001c01a_T1SS_1	GCF0000816
PHPR001c02a_T5cSS_1	GCF0000817
YEEN002c01a_T5bSS_2	GCF0000818
HAIN010c01a_T5cSS_6	GCF0000819
ESCO048c01a_T5aSS_1	GCF0000820
ENCL005c01a_T5bSS_1	GCF0000821
FEBA010c01a_T1SS_1	GCF0000822
SPCH001c01a_T5aSS_1	GCF0000823
ESCO010c01a_T5aSS_4	GCF0000824
MERA001c01a_T5aSS_1	GCF0000825
RHLE003p04a_T1SS_1	GCF0000826
HIBA001c01a_T2SS_1	GCF0000827
PABE001c01a_T2SS_1	GCF0000828
PSFL005c01a_T2SS_1	GCF0000829
CRTU001c01a_T5aSS_1	GCF0000830
ENBA001c01a_T5aSS_1	GCF0000831
BUPH001c01a_T5cSS_2	GCF0000832
HASO002c01a_T5cSS_1	GCF0000833
MEJM001c01a_T1SS_1	GCF0000834
MAPO001c01a_T1SS_1	GCF0000835
VIFU001c02a_T1SS_1	GCF0000836
AEHY002c01a_T1SS_2	GCF0000837
TOAU001c01a_T1SS_1	GCF0000838
PHPR001c02a_T1SS_1	GCF0000839
SUKU001c01a_T1SS_1	GCF0000840
SHSE001c01a_T1SS_1	GCF0000841
SHWO001c01a_T1SS_1	GCF0000842
PSCN001c01a_T1SS_1	GCF0000843
GLPS001c01a_T1SS_1	GCF0000844
THCR001c01a_T1SS_1	GCF0000845
CACL001c01a_T5aSS_3	GCF0000846
HEMU001c01a_T5aSS_2	GCF0000847
SIME004c01a_T5bSS_1	GCF0000848
AGRA001c01a_T5bSS_1	GCF0000849
RHTR001c01a_T5bSS_1	GCF0000850
AGH1001c02a_T5bSS_1	GCF0000851
RHLE002p04a_T5bSS_1	GCF0000852
AGRA001c01a_T5bSS_2	GCF0000853
BAGR001c01a_T5cSS_1	GCF0000854
BAHE001c01a_T5cSS_1	GCF0000855
LICR001c01a_T1SS_2	GCF0000856
BRS2001c01a_T5aSS_2	GCF0000857
BAQU001c01a_T5cSS_2	GCF0000858
BAVI001c01a_T5cSS_1	GCF0000859
MEFG001c01a_T1SS_2	GCF0000860
BAAU001c01a_T5cSS_1	GCF0000861
ZYMO004c01a_T5aSS_1	GCF0000862
BACG001c01a_T5cSS_1	GCF0000863
LE73001c01a_T5bSS_4	GCF0000864
MEOP001c01a_T5aSS_2	GCF0000865
BAGR001c01a_T5bSS_7	GCF0000866
BATR001c01a_T5bSS_1	GCF0000867
BAVI001c01a_T5bSS_1	GCF0000868
BAGR001c01a_T5bSS_2	GCF0000869
BATR001c01a_T5cSS_1	GCF0000870
MELO001c01a_T5aSS_2	GCF0000871
SPJA001c01a_T1SS_1	GCF0000872
CAK3001c01a_T1SS_2	GCF0000873
SPJA001c01a_T1SS_6	GCF0000874
HECE002c01a_T5aSS_1	GCF0000875
BAVI001c01a_T5aSS_3	GCF0000876
BABA001c01a_T5cSS_3	GCF0000877
BATR001c01a_T5aSS_4	GCF0000878
SEPL002c01a_T5bSS_1	GCF0000879
VINI001c01a_T5cSS_1	GCF0000880
BRS2001c01a_T5aSS_5	GCF0000881
HAEL001c01a_T5aSS_1	GCF0000882
NELA001c01a_T5aSS_1	GCF0000883
BUPH001c01a_T5cSS_3	GCF0000884
PHLU001c01a_T5bSS_6	GCF0000885
YEEN001c01a_T5aSS_1	GCF0000886
AZKH001c01a_T5bSS_1	GCF0000887
PHLU001c01a_T5bSS_1	GCF0000888
XEBO001c01a_T5aSS_1	GCF0000889
PHLU001c01a_T5bSS_7	GCF0000890
SELI001c01a_T5bSS_1	GCF0000891
LELO001c01a_T1SS_1	GCF0000892
LE73001c01a_T5bSS_3	GCF0000893
ARLL001c01a_T1SS_2	GCF0000894
CACL002c01a_T5aSS_2	GCF0000895
STML004c01a_Tad_1	GCF0000896
FRAU001c01a_Tad_1	GCF0000897
ACPA009c01a_T1SS_3	GCF0000898
SPCH001c01a_Tad_1	GCF0000899
NO1Y001c01a_Tad_1	GCF0000900
NOAR001c01a_Tad_1	GCF0000901
ACCR001c01a_T5bSS_1	GCF0000902
CHSA001c01a_T5bSS_1	GCF0000903
XACI001c01a_T5aSS_1	GCF0000904
WOUC001c01a_T5bSS_1	GCF0000905
WOUC001c01a_T4SS_typeT_1	GCF0000906
MEJM001c01a_T1SS_3	GCF0000907
FRNO001c01a_T1SS_1	GCF0000908
SHVI001c01a_T1SS_1	GCF0000909
HACH001c01a_T1SS_1	GCF0000910
DEPR001c01a_T5aSS_2	GCF0000911
XAOR003c01a_T1SS_2	GCF0000912
STML002c01a_T1SS_1	GCF0000913
XAAL001c01a_T1SS_2	GCF0000914
XYFA001c01a_T1SS_1	GCF0000915
XAAL001c01a_T1SS_1	GCF0000916
ENCL002c01a_T5aSS_7	GCF0000917
PSDE001c01a_T5aSS_3	GCF0000918
PSRE001c01a_T5bSS_1	GCF0000919
VEPA001c01a_T5aSS_3	GCF0000920
MAMR001c01a_T5aSS_1	GCF0000921
SPCH001c01a_T1SS_1	GCF0000922
STML002c01a_T5bSS_1	GCF0000923
CAHO001c01a_T1SS_1	GCF0000924
SUKU001c01a_T1SS_2	GCF0000925
GE74001c01a_T5bSS_1	GCF0000926
SUDE001c01a_T1SS_2	GCF0000927
MIAE001c01a_T5bSS_1	GCF0000928
OCAN001c02a_T5aSS_3	GCF0000929
RAEU001c01a_T5cSS_1	GCF0000930
PSPU008c01a_T5aSS_4	GCF0000931
ACSI001c01a_T5aSS_4	GCF0000932
SAEN035c01a_T5aSS_3	GCF0000933
SUBA001c01a_T5aSS_2	GCF0000934
MOCA001c01a_T5aSS_1	GCF0000935
OCAN001c02a_T5aSS_2	GCF0000936
HASO002c01a_T5bSS_2	GCF0000937
STML001c01a_T5bSS_3	GCF0000938
MABS001c01a_T5bSS_1	GCF0000939
RODE001c01a_T1SS_3	GCF0000940
PAAM001c01a_T1SS_1	GCF0000941
DISH001c01a_T1SS_1	GCF0000942
JACC001c01a_T1SS_1	GCF0000943
YEPE006c01a_T5aSS_1	GCF0000944
ACBA002c01a_T5bSS_2	GCF0000945
ACSP001c01a_T5bSS_1	GCF0000946
ACBA001c01a_T4SS_typeI_1	GCF0000947
RHPA007c01a_T5aSS_2	GCF0000948
AGTU001c02a_T1SS_3	GCF0000949
XAAL001c01a_T5aSS_2	GCF0000950
BOBR002c01a_T5aSS_17	GCF0000951
PSSA001c01a_Flagellum_1	GCF0000952
PHPR001c02a_T5aSS_1	GCF0000953
BUC1001c01a_T5cSS_1	GCF0000954
HASO002c01a_T5cSS_2	GCF0000955
HASO002c01a_T5cSS_3	GCF0000956
MAHA005c01a_T5bSS_1	GCF0000957
BITR001c01a_T5cSS_4	GCF0000958
VAPA003c01a_T1SS_1	GCF0000959
DESU001c01a_T1SS_1	GCF0000960
MEFG001c01a_T1SS_1	GCF0000961
BITR001c01a_T5bSS_2	GCF0000962
COFU001c01a_T5bSS_1	GCF0000963
ACPL002c01a_T5bSS_1	GCF0000964
PAMU004c01a_T5bSS_1	GCF0000965
FRAU001c01a_T5aSS_1	GCF0000966
RHVA001c01a_T5cSS_1	GCF0000967
MEAA001c01a_T1SS_1	GCF0000968
LELO001c01a_T4SS_typeI_1	GCF0000969
COBU004c01a_T4SS_typeI_1	GCF0000970
XYFA003c01a_T5cSS_3	GCF0000971
MOCA001c01a_T5cSS_2	GCF0000972
MECI001c01a_T1SS_5	GCF0000973
MEAU001c01a_T1SS_3	GCF0000974
TIMO001c01a_T1SS_2	GCF0000975
ENSP001c01a_T5bSS_2	GCF0000976
XENE001c01a_T1SS_4	GCF0000977
SETE001c01a_T5aSS_15	GCF0000978
HASO002c01a_T5cSS_12	GCF0000979
ENCL004c01a_T1SS_2	GCF0000980
PAAT001c01a_T1SS_1	GCF0000981
BRS2001c01a_T5aSS_7	GCF0000982
SAEN038c01a_T5aSS_3	GCF0000983
YEEN001c01a_T5bSS_4	GCF0000984
YEEN003c01a_T5bSS_3	GCF0000985
SEMA001c01a_T5aSS_1	GCF0000986
CRTU001c01a_T5aSS_4	GCF0000987
BUYI001c01a_T5cSS_1	GCF0000988
COFU001c01a_T5cSS_4	GCF0000989
ACXY002c01a_T5aSS_2	GCF0000990
HASO002c01a_T5cSS_7	GCF0000991
BOAV001c01a_T5aSS_3	GCF0000992
SHON001c01a_T1SS_1	GCF0000993
FRTU012c01a_T6SSii_2	GCF0000994
RASO002p01a_T5bSS_4	GCF0000995
CAJE003c01a_T5aSS_1	GCF0000996
PAMC001c01a_Tad_1	GCF0000997
THTH003c01a_T5bSS_1	GCF0000998
DEAS001c01a_T5aSS_2	GCF0000999
DETO001c01a_Tad_1	GCF0001000
SHWO001c01a_Tad_1	GCF0001001
VIHA001c02a_Tad_1	GCF0001002
YEPS001c01a_Tad_1	GCF0001003
VIPA002c02a_Tad_1	GCF0001004
VISP001c01a_Tad_1	GCF0001005
VINI001c02a_Tad_1	GCF0001006
DEPI001c01a_Tad_1	GCF0001007
DEVU003c01a_Tad_1	GCF0001008
ACCA001c01a_Tad_1	GCF0001009
ACMP001c01a_Tad_1	GCF0001010
ANDE002c01a_Tad_1	GCF0001011
DEPS001c01a_Tad_1	GCF0001012
SYAC001c01a_Tad_1	GCF0001013
VAPA003c01a_Tad_1	GCF0001014
MENO001c01a_Tad_1	GCF0001015
DEAO001c01a_Tad_1	GCF0001016
DEBR001c01a_Tad_1	GCF0001017
NIDE001c01a_Tad_1	GCF0001018
NIMU001c01a_Tad_1	GCF0001019
TERO001c01a_Tad_1	GCF0001020
SOUS001c01a_Tad_1	GCF0001021
DHRE001c01a_Tad_1	GCF0001022
SYFU001c01a_Tad_1	GCF0001023
RASO003c01a_Tad_1	GCF0001024
BU38001c03a_Tad_1	GCF0001025
CUME001c01a_Tad_1	GCF0001026
BUPH001c02a_Tad_1	GCF0001027
BUPT001c02a_Tad_1	GCF0001028
CHLU001c01a_Tad_1	GCF0001029
PSNH001c01a_Tad_1	GCF0001030
AZSP001c01a_Tad_1	GCF0001031
POJS001c01a_Tad_1	GCF0001032
GEBE001c01a_Tad_1	GCF0001033
GEM1001c01a_Tad_1	GCF0001034
THJR001c01a_Tad_1	GCF0001035
PETH001c01a_Tad_1	GCF0001036
DEKU001c01a_Tad_1	GCF0001037
SYLI001c01a_Tad_1	GCF0001038
GEBE001c01a_Tad_2	GCF0001039
AMCO001c01a_Tad_1	GCF0001040
ACAR001c01a_Tad_1	GCF0001041
PECA001c01a_Tad_1	GCF0001042
PRAE001c01a_T5aSS_1	GCF0001043
CHPA001c01a_T5bSS_1	GCF0001044
TAAS001c01a_T5cSS_2	GCF0001045
NIDE001c01a_T5aSS_1	GCF0001046
NEGO002c01a_T5aSS_2	GCF0001047
ENBA001c01a_T5aSS_4	GCF0001048
MEFG001c01a_T5bSS_1	GCF0001049
DEPS001p01a_T5bSS_1	GCF0001050
NIWI001c01a_T5aSS_1	GCF0001051
BRSP001c01a_T5aSS_5	GCF0001052
PUMA001c01a_T1SS_1	GCF0001053
AZCA001c01a_T5aSS_4	GCF0001054
MEEX001c01a_T1SS_2	GCF0001055
RHPA002c01a_T1SS_1	GCF0001056
BRJA002c01a_T1SS_6	GCF0001057
MESP001c01a_T1SS_2	GCF0001058
PEHA001c01a_T1SS_1	GCF0001059
ACXY001c01a_T5aSS_6	GCF0001060
STML004c01a_T5aSS_4	GCF0001061
TAEQ002c01a_T5cSS_4	GCF0001062
XAAU001c01a_T5aSS_1	GCF0001063
BRS2001c01a_T5aSS_3	GCF0001064
STNO001c01a_T1SS_1	GCF0001065
BROL001c01a_T5aSS_3	GCF0001066
NOAR001c01a_T5bSS_1	GCF0001067
BOPE003c01a_T5aSS_8	GCF0001068
ESBL001c01a_T5aSS_3	GCF0001069
ACMU001c01a_T1SS_1	GCF0001070
RHVA001c01a_T1SS_1	GCF0001071
COFU001c01a_T5bSS_3	GCF0001072
MELO001c01a_T1SS_1	GCF0001073
MESP001c01a_Tad_1	GCF0001074
MENO001c01a_Tad_3	GCF0001075
VIVU003c01a_Tad_2	GCF0001076
CACR002c01a_Tad_1	GCF0001077
ASEX001c01a_Tad_1	GCF0001078
HYDE001c01a_Tad_1	GCF0001079
MECH001c01a_Tad_1	GCF0001080
NIHA001c01a_Tad_1	GCF0001081
PALA001c01a_Tad_2	GCF0001082
PEHA001c01a_Tad_1	GCF0001083
LIAS002c01a_Tad_1	GCF0001084
HIBA001c01a_Tad_1	GCF0001085
POGL001c01a_Tad_1	GCF0001086
MECI001c01a_Tad_2	GCF0001087
HYNE001c01a_Tad_1	GCF0001088
PABE001c01a_Tad_1	GCF0001089
OCAN001c02a_T1SS_2	GCF0001090
BRSB001c01a_T5aSS_2	GCF0001091
PAAM001c01a_T1SS_2	GCF0001092
PRMA003c01a_T1SS_2	GCF0001093
PECA001c01a_T5aSS_1	GCF0001094
BRSP002c01a_T5aSS_5	GCF0001095
RHPA005c01a_T5aSS_3	GCF0001096
XAAU001c01a_T1SS_1	GCF0001097
PUT7001c01a_T5cSS_1	GCF0001098
RHPA004c01a_T5aSS_2	GCF0001099
BRSP001c01a_T1SS_3	GCF0001100
BRS2001c01a_T5aSS_4	GCF0001101
MELO001c01a_T5aSS_1	GCF0001102
LIAS001c01a_Tad_1	GCF0001103
WOOO001c01a_T1SS_1	GCF0001104
COFU001c01a_T5aSS_4	GCF0001105
MERA001c01a_T5cSS_1	GCF0001106
ALMA001c01a_T2SS_1	GCF0001107
ACSI001c01a_T5aSS_3	GCF0001108
ESCO034c01a_T5aSS_6	GCF0001109
ESCO019c01a_T5aSS_9	GCF0001110
BITR001c01a_T5aSS_4	GCF0001111
BUTH002c02a_T3SS_3	GCF0001112
HAPA002c01a_T5cSS_11	GCF0001113
BUTH002c02a_T5aSS_1	GCF0001114
ACFM001c01a_T5bSS_3	GCF0001115
VEPA001c01a_T5bSS_1	GCF0001116
YEPE008c01a_T5aSS_6	GCF0001117
PRMI002c01a_T5cSS_1	GCF0001118
EDTA001c01a_T5cSS_1	GCF0001119
SAEN014c01a_T5aSS_5	GCF0001120
BUGD001c02a_T5aSS_1	GCF0001121
CRTU001p01a_T5aSS_1	GCF0001122
AKMU001c01a_T5aSS_6	GCF0001123
HADE001c01a_T5aSS_2	GCF0001124
RIMO001c01a_T5aSS_5	GCF0001125
NESE001c01a_pT4SSt_1	GCF0001126
PSMU001c01a_T5aSS_1	GCF0001127
RIPR007c01a_T5aSS_3	GCF0001128
PRAE001c01a_pT4SSt_1	GCF0001129
PRAE001p01a_T4SS_typeT_1	GCF0001130
LEFE001c01a_T4SS_typeI_1	GCF0001131
SINE001p01a_T4SS_typeF_1	GCF0001132
YEEN001p01a_T5cSS_1	GCF0001133
YEPS004p01a_T5cSS_1	GCF0001134
RIHE001c01a_T5aSS_2	GCF0001135
RIFE001c01a_T5aSS_2	GCF0001136
RIAF001p01a_T5aSS_1	GCF0001137
RIFE001p01a_T5aSS_1	GCF0001138
RIAM001p02a_T5aSS_1	GCF0001139
RIAU001c01a_T5aSS_2	GCF0001140
ACBA012c01a_T5cSS_1	GCF0001141
ACSU001c01a_T5cSS_1	GCF0001142
HASO002c01a_T5cSS_10	GCF0001143
LISO001c01a_T1SS_1	GCF0001144
LICR001c01a_T1SS_1	GCF0001145
BRSB001c01a_T5bSS_2	GCF0001146
CAK3001c01a_T5bSS_2	GCF0001147
AZKH001c01a_T5aSS_1	GCF0001148
JASP001c01a_T5aSS_8	GCF0001149
PHAB001c01a_T1SS_2	GCF0001150
JASP001c01a_T5aSS_3	GCF0001151
PSEN001c01a_T5bSS_2	GCF0001152
HAIN005c01a_T5cSS_1	GCF0001153
ACSI001c01a_T5aSS_1	GCF0001154
RIJA001c01a_T5aSS_1	GCF0001155
RIAM001c01a_T5aSS_4	GCF0001156
RIBE001c01a_T5aSS_1	GCF0001157
PSFL004c01a_T5aSS_5	GCF0001158
PSFL005c01a_T5aSS_1	GCF0001159
PSUW001c01a_T5aSS_1	GCF0001160
STCY001c01a_T5bSS_2	GCF0001161
BOBR003c01a_T5aSS_5	GCF0001162
HAPC001c01a_T5bSS_1	GCF0001163
CAJE005c01a_T5bSS_3	GCF0001164
CAJE003c01a_T5bSS_1	GCF0001165
ACFM001c01a_T5bSS_2	GCF0001166
CAJE008c01a_T5bSS_2	GCF0001167
TRER001c01a_T5bSS_4	GCF0001168
DEVU003c01a_T5aSS_1	GCF0001169
DEVU004c01a_T5aSS_1	GCF0001170
DESA001c01a_T1SS_2	GCF0001171
DEHY001c01a_T6SS_1	GCF0001172
DESL001c01a_T6SS_1	GCF0001173
FUNU002c01a_T5bSS_2	GCF0001174
FUNU002c01a_T5aSS_9	GCF0001175
FUNU002c01a_T5bSS_1	GCF0001176
FU48001c01a_T5aSS_2	GCF0001177
FUNU002c01a_T5aSS_8	GCF0001178
FUNU001c01a_T5cSS_1	GCF0001179
FU48001c01a_T5cSS_4	GCF0001180
FU48001c01a_T5aSS_3	GCF0001181
FU48001c01a_T5aSS_4	GCF0001182
FUNU002c01a_T5cSS_3	GCF0001183
PAMC003c01a_Flagellum_1	GCF0001184
SYPP002c01a_T5aSS_1	GCF0001185
BUYI001c02a_T5aSS_1	GCF0001186
MEME001c01a_T5aSS_5	GCF0001187
CHPN003c01a_T5aSS_4	GCF0001188
CHPN003c01a_T5aSS_14	GCF0001189
CHPE004c01a_T5aSS_6	GCF0001190
CHFE001c01a_T5aSS_14	GCF0001191
CHPS017c01a_T5aSS_15	GCF0001192
CHPS007c01a_T5aSS_7	GCF0001193
CHPE001c01a_T5aSS_1	GCF0001194
CHMU001c01a_T5aSS_1	GCF0001195
CHFE001c01a_T5aSS_19	GCF0001196
CHPE001c01a_T5aSS_2	GCF0001197
CHTR003c01a_T5aSS_8	GCF0001198
CHTR004c01a_T5aSS_3	GCF0001199
CHPN010c01a_T5aSS_1	GCF0001200
BUCC003c03a_Tad_1	GCF0001201
VAPA003c02a_T4SS_typeT_1	GCF0001202
TIMO001p04a_T5aSS_1	GCF0001203
ORTS001c01a_T4SS_typeF_5	GCF0001204
RIRI004c01a_T5aSS_5	GCF0001205
ERLI001c01a_T5aSS_2	GCF0001206
VISP001c02a_T1SS_1	GCF0001207
ENAE001c01a_T5cSS_1	GCF0001208
SIAG001c01a_T1SS_1	GCF0001209
BUCC005c01a_T2SS_1	GCF0001210
DEBA001c01a_T1SS_1	GCF0001211
BATH001c01a_T4SS_typeB_4	GCF0001212
CHPE003c01a_T5aSS_14	GCF0001213
ECVI001c01a_T1SS_1	GCF0001214
SINE001c01a_T5bSS_1	GCF0001215
SHPI001c01a_T1SS_3	GCF0001216
ESCO050c01a_T5aSS_4	GCF0001217
ENCL002c01a_T5cSS_1	GCF0001218
COFU001c01a_T5cSS_1	GCF0001219
BUCC004c03a_T5aSS_1	GCF0001220
ENR4001c01a_T5bSS_2	GCF0001221
VIFU001c02a_T1SS_2	GCF0001222
MAMW001c01a_T5bSS_1	GCF0001223
PSEN001c01a_T5aSS_5	GCF0001224
PSPU008c01a_T5aSS_2	GCF0001225
NO75001c01a_T5bSS_2	GCF0001226
PSGG001c01a_T5cSS_2	GCF0001227
CUME001c02a_Tad_1	GCF0001228
RAEU001p01a_T1SS_1	GCF0001229
BUAM002c03a_T5cSS_3	GCF0001230
BUCN001c01a_T5cSS_1	GCF0001231
BUPE001c02a_T5cSS_1	GCF0001232
BUTH002c01a_T5cSS_2	GCF0001233
BUAM002c03a_T5cSS_2	GCF0001234
HESE001c01a_T5aSS_2	GCF0001235
PASP001c01a_T4SS_typeF_1	GCF0001236
VAPA002c01a_T5bSS_3	GCF0001237
VAPA001c01a_T5bSS_2	GCF0001238
VAPA001c02a_T5bSS_1	GCF0001239
VAPA001c02a_T4SS_typeT_1	GCF0001240
VAPA001c02a_T5aSS_1	GCF0001241
DEPS001c01a_T1SS_2	GCF0001242
PSIN001c01a_T1SS_1	GCF0001243
GESP001c01a_T1SS_1	GCF0001244
GESU002c01a_T1SS_1	GCF0001245
MAMW001c01a_T1SS_1	GCF0001246
EDTA003c01a_T5aSS_4	GCF0001247
YEEN003c01a_T5aSS_1	GCF0001248
PSFL005c01a_T5bSS_2	GCF0001249
PSPO001c01a_T5bSS_3	GCF0001250
PSFL003c01a_T5bSS_5	GCF0001251
PSFL005c01a_T5bSS_1	GCF0001252
PSFL004c01a_T5bSS_3	GCF0001253
PSSY001c01a_T5bSS_1	GCF0001254
DINO001c01a_T1SS_1	GCF0001255
TESA001c01a_T1SS_1	GCF0001256
PSFL003c01a_T5bSS_4	GCF0001257
HASO002c01a_T5cSS_14	GCF0001258
BITR001c01a_T1SS_1	GCF0001259
ENSP001c01a_T5aSS_3	GCF0001260
BUCC005c02a_T5cSS_4	GCF0001261
RAY9001c01a_T5aSS_2	GCF0001262
KLPN001p01a_T5aSS_1	GCF0001263
SEMA001c01a_T5aSS_2	GCF0001264
ENCL002c01a_T5aSS_2	GCF0001265
COTE002c01a_T5bSS_1	GCF0001266
PSST006c01a_T5aSS_1	GCF0001267
MEME001c01a_T5aSS_1	GCF0001268
XYFA005c01a_T5aSS_1	GCF0001269
CALA001c01a_T5bSS_1	GCF0001270
ACPL001c01a_T5aSS_1	GCF0001271
ACSU001c01a_T5cSS_2	GCF0001272
NEME015c01a_T5aSS_2	GCF0001273
YEEN002c01a_T1SS_3	GCF0001274
EDIC001c01a_T5aSS_2	GCF0001275
PSFO001c01a_T6SS_1	GCF0001276
SPMM001c01a_T5aSS_2	GCF0001277
SPSY001c01a_T5aSS_1	GCF0001278
ENBA001c01a_T5aSS_8	GCF0001279
ENCL002c01a_T5aSS_6	GCF0001280
MAME001c01a_Tad_1	GCF0001281
PEWA001c01a_Tad_1	GCF0001282
BUAM001c01a_T5cSS_1	GCF0001283
PHMI001c01a_T5aSS_1	GCF0001284
THCY001c01a_T5bSS_2	GCF0001285
SAEN006c01a_T1SS_3	GCF0001286
CRSA002c01a_T5bSS_1	GCF0001287
ERTA001c01a_T5bSS_3	GCF0001288
SEPR001c01a_T5bSS_1	GCF0001289
ERTA001c01a_T5bSS_2	GCF0001290
ERPY001c01a_T5bSS_3	GCF0001291
PAAN002c01a_T5bSS_2	GCF0001292
ENCL001p01a_T4SS_typeF_1	GCF0001293
BUCC004c01a_T5cSS_1	GCF0001294
AGAC001p02a_T4SS_typeT_1	GCF0001295
BITR001c01a_T5bSS_1	GCF0001296
MOMO001c01a_T5aSS_2	GCF0001297
ACFM001c01a_T5bSS_1	GCF0001298
MOMO001c01a_T5aSS_6	GCF0001299
ACSI001c01a_T5aSS_2	GCF0001300
SETE001c01a_T5aSS_2	GCF0001301
XYFA002c01a_T5cSS_2	GCF0001302
ENAE002c01a_T5aSS_2	GCF0001303
PESC001c01a_T5aSS_1	GCF0001304
ENSP001c01a_T5aSS_1	GCF0001305
SEPL002c01a_T5aSS_3	GCF0001306
PSPO001c01a_T5aSS_3	GCF0001307
PSBR001c01a_T5aSS_4	GCF0001308
ALDI001c01a_T4SS_typeG_1	GCF0001309
PSSA001c01a_T2SS_1	GCF0001310
HAEL001c01a_T4SS_typeG_1	GCF0001311
XENE001c01a_T5bSS_1	GCF0001312
XEBO001c01a_T4SS_typeG_1	GCF0001313
PAAN002c01a_T4SS_typeG_1	GCF0001314
KLPN004c01a_T4SS_typeG_1	GCF0001315
SEPR001c01a_T4SS_typeG_1	GCF0001316
PEWA001c01a_T4SS_typeG_1	GCF0001317
YEEN001c01a_T4SS_typeG_1	GCF0001318
PSAE003c01a_T4SS_typeG_1	GCF0001319
PSFL003c01a_T4SS_typeG_1	GCF0001320
ACAV001c01a_T4SS_typeG_1	GCF0001321
DISP001c01a_T4SS_typeG_1	GCF0001322
BUTH002c01a_T5cSS_1	GCF0001323
HAIN002c01a_T4SS_typeG_1	GCF0001324
MAHA004c01a_T4SS_typeG_1	GCF0001325
SABO002c01a_T4SS_typeG_1	GCF0001326
SAEN006c01a_T4SS_typeG_1	GCF0001327
NIOC001c01a_T4SS_typeG_1	GCF0001328
MEME001c01a_T4SS_typeG_1	GCF0001329
PECR001c01a_T5bSS_1	GCF0001330
MOMO001c01a_T5aSS_1	GCF0001331
CIRO001c01a_T1SS_4	GCF0001332
MASP001c01a_T5bSS_1	GCF0001333
CIRO001p01a_T5aSS_3	GCF0001334
SABO002p01a_T5aSS_1	GCF0001335
PSPU005c01a_T4SS_typeI_1	GCF0001336
YEPS002p01a_T4SS_typeI_1	GCF0001337
ESCO043c01a_T5aSS_2	GCF0001338
ENBA001c01a_T5aSS_5	GCF0001339
PSSY002c01a_T5aSS_5	GCF0001340
PSRE001p01a_T4SS_typeF_1	GCF0001341
ERTA001p05a_T4SS_typeF_1	GCF0001342
SEPL001p01a_T4SS_typeF_1	GCF0001343
SAEN030p01a_T4SS_typeF_1	GCF0001344
ENSP001p01a_T5aSS_1	GCF0001345
ERBI001p01a_T4SS_typeF_1	GCF0001346
PAAT001p02a_T4SS_typeF_1	GCF0001347
KLPN002p01a_T4SS_typeF_1	GCF0001348
ESCO022p03a_T4SS_typeF_1	GCF0001349
DIDA002c01a_T5aSS_2	GCF0001350
ESCO041c01a_T5aSS_9	GCF0001351
SHSO001p01a_T5aSS_1	GCF0001352
ESCO009p01a_T5aSS_2	GCF0001353
ESCO030c01a_T5aSS_7	GCF0001354
ESCO041c01a_T5aSS_5	GCF0001355
PAAT001p03a_T5aSS_1	GCF0001356
ESFE001c01a_T5cSS_1	GCF0001357
MAHA005c01a_T5aSS_6	GCF0001358
ACIN001c01a_T5aSS_4	GCF0001359
HAPA002c01a_T5cSS_12	GCF0001360
HAPI001c01a_T5cSS_4	GCF0001361
PAMU002c01a_T5aSS_3	GCF0001362
NIDE001c01a_T1SS_2	GCF0001363
SABO001c01a_T5aSS_2	GCF0001364
ESCO009p01a_T5aSS_1	GCF0001365
SHFL003c01a_T5aSS_1	GCF0001366
SHDY001c01a_T5aSS_3	GCF0001367
AZSP002c01a_T5aSS_1	GCF0001368
MEME001c01a_T5aSS_2	GCF0001369
ESCO011c01a_T5aSS_7	GCF0001370
ESCO052p02a_T5aSS_1	GCF0001371
ESCO017p05a_T5bSS_1	GCF0001372
ESCO011c01a_T5aSS_11	GCF0001373
ESCO019c01a_T5cSS_2	GCF0001374
ALMA001c01a_T1SS_1	GCF0001375
VEEI001p01a_T4SS_typeT_1	GCF0001376
TH3A001p01a_T4SS_typeT_1	GCF0001377
SAEN010p01a_T4SS_typeT_1	GCF0001378
SAEN033p01a_T4SS_typeI_1	GCF0001379
ERAM001p02a_T4SS_typeI_1	GCF0001380
ERTA001p04a_T4SS_typeT_1	GCF0001381
RAAQ001c01a_T4SS_typeT_1	GCF0001382
ESCO012c01a_T4SS_typeT_1	GCF0001383
EDTA001p01a_T4SS_typeT_1	GCF0001384
SAEN009p02a_T4SS_typeT_1	GCF0001385
SAEN027p02a_T4SS_typeT_1	GCF0001386
SAEN033p02a_pT4SSt_1	GCF0001387
ESCO015p01a_T5cSS_1	GCF0001388
SHBA007p03a_T4SS_typeG_1	GCF0001389
SHPU002c01a_T4SS_typeG_1	GCF0001390
CHVI001c01a_T5bSS_2	GCF0001391
PHPR001c02a_T4SS_typeT_1	GCF0001392
ALSN001c01a_T4SS_typeG_1	GCF0001393
VIFI001p01a_T4SS_typeT_1	GCF0001394
THMO001p01a_T4SS_typeT_1	GCF0001395
LEPN003c01a_T4SS_typeT_1	GCF0001396
SHBA005p01a_T4SS_typeF_1	GCF0001397
VIVU001c02a_T4SS_typeF_1	GCF0001398
VIVU002p01a_T4SS_typeF_1	GCF0001399
ALSA001p04a_T4SS_typeF_1	GCF0001400
LEPN002p01a_T4SS_typeF_1	GCF0001401
LEPN007p01a_T4SS_typeF_1	GCF0001402
BUPE001p01a_T4SS_typeT_1	GCF0001403
BUKJ001p01a_T4SS_typeT_1	GCF0001404
RHLE001c01a_T5aSS_2	GCF0001405
PSPU007p01a_T4SS_typeI_1	GCF0001406
XACA003p01a_T4SS_typeI_1	GCF0001407
XACA003p02a_T4SS_typeT_1	GCF0001408
XYFA001p01a_T4SS_typeT_1	GCF0001409
BUMU002p01a_T4SS_typeF_1	GCF0001410
BUVI001p03a_T4SS_typeI_1	GCF0001411
PSSA001c01a_T4SS_typeT_1	GCF0001412
PSSY001p02a_T4SS_typeI_1	GCF0001413
PSFL006p01a_T4SS_typeT_1	GCF0001414
RHSP003p02a_T4SS_typeT_1	GCF0001415
YEPS002p02a_T4SS_typeT_1	GCF0001416
ESCO063p02a_T4SS_typeT_1	GCF0001417
NISL001p02a_T4SS_typeT_1	GCF0001418
ACXY001p01a_T4SS_typeT_1	GCF0001419
ACPH001p01a_pT4SSt_1	GCF0001420
LEPN011c01a_T4SS_typeF_1	GCF0001421
LELO001c01a_T1SS_2	GCF0001422
SHBA002p03a_T4SS_typeT_1	GCF0001423
NEGO003p01a_T4SS_typeT_1	GCF0001424
HANE001c01a_T4SS_typeT_1	GCF0001425
CUME001p01a_T4SS_typeT_1	GCF0001426
THIN001c01a_T4SS_typeT_1	GCF0001427
PONA001c01a_T4SS_typeT_1	GCF0001428
NIET001p01a_T4SS_typeT_1	GCF0001429
BAVI001c01a_pT4SSt_1	GCF0001430
MESI001c01a_T1SS_3	GCF0001431
MESI001c01a_T5aSS_3	GCF0001432
DEAC001c01a_T1SS_1	GCF0001433
RAEU001c02a_Tad_1	GCF0001434
JASP001c01a_T5bSS_6	GCF0001435
BOPA002c01a_Tad_1	GCF0001436
BURP001p01a_Tad_1	GCF0001437
BUMA005c02a_T5bSS_1	GCF0001438
BUPE001c01a_Tad_1	GCF0001439
RAPI001c02a_Tad_1	GCF0001440
VAPA001c01a_Tad_2	GCF0001441
VAPA002c01a_T1SS_2	GCF0001442
MEFG001c01a_Tad_1	GCF0001443
THSP001c01a_T2SS_1	GCF0001444
MOMO001c01a_T5aSS_3	GCF0001445
STML001c01a_T5bSS_1	GCF0001446
XAOR004c01a_T5bSS_1	GCF0001447
RASO004p01a_T5bSS_2	GCF0001448
BURH001c01a_T5bSS_2	GCF0001449
MEJM001c01a_T5bSS_1	GCF0001450
BUPE001c01a_pT4SSt_1	GCF0001451
BUAM002c02a_T5cSS_1	GCF0001452
XACA004c01a_T5aSS_3	GCF0001453
XAOR002c01a_T5aSS_2	GCF0001454
XAOR004c01a_T1SS_1	GCF0001455
RHSP003p04a_T5aSS_1	GCF0001456
NIMU001c01a_T5aSS_1	GCF0001457
ESCO002c01a_T1SS_1	GCF0001458
ESCO049c01a_T1SS_1	GCF0001459
MOMO001c01a_T5bSS_2	GCF0001460
ACBA002c01a_T1SS_2	GCF0001461
VAPA002c01a_T1SS_1	GCF0001462
ALEH001c01a_T1SS_1	GCF0001463
THNI001c01a_T1SS_2	GCF0001464
SAEN006c01a_T1SS_1	GCF0001465
SAEN013c01a_T1SS_1	GCF0001466
ENBA001c01a_T1SS_1	GCF0001467
ESFE001c01a_T1SS_2	GCF0001468
PAAT001c01a_T1SS_3	GCF0001469
ENCL001c01a_T1SS_5	GCF0001470
KLOX002c01a_T1SS_2	GCF0001471
CRTU001c01a_T1SS_1	GCF0001472
PECR001c01a_T1SS_1	GCF0001473
RAAQ002c01a_T1SS_1	GCF0001474
PADE001c01a_T1SS_2	GCF0001475
VAPA003c01a_T1SS_3	GCF0001476
XYFA002c01a_T5aSS_2	GCF0001477
PSPU007c01a_T1SS_4	GCF0001478
XAAL001c01a_T5cSS_2	GCF0001479
STML001c01a_T5aSS_4	GCF0001480
BRJA002c01a_T5cSS_1	GCF0001481
NIHA001c01a_T5aSS_2	GCF0001482
VAPA001c01a_T5aSS_1	GCF0001483
HEAR001c01a_T5bSS_1	GCF0001484
PONA001c01a_T5bSS_1	GCF0001485
FUNU002c01a_T5cSS_1	GCF0001486
BRJA002c01a_T5bSS_1	GCF0001487
HAHY001c01a_T1SS_2	GCF0001488
BRJA001c01a_T5cSS_2	GCF0001489
PAMU001c01a_T5bSS_1	GCF0001490
PSDE001c01a_T5aSS_2	GCF0001491
AGAC003c01a_Tad_1	GCF0001492
HADE001c01a_T5aSS_7	GCF0001493
PAMU001c01a_T5cSS_1	GCF0001494
HADE001c01a_Tad_1	GCF0001495
HAPA002c01a_T5cSS_9	GCF0001496
XYFA001c01a_T5bSS_1	GCF0001497
PSSU001c01a_T5aSS_2	GCF0001498
LELO001c01a_T5aSS_1	GCF0001499
LEPN007c01a_T5aSS_1	GCF0001500
HYMC001c01a_T5aSS_2	GCF0001501
HYMC001c01a_T5aSS_4	GCF0001502
PSAE003c01a_T5bSS_6	GCF0001503
PRMI001c01a_T5aSS_1	GCF0001504
ZYMO003c01a_T1SS_1	GCF0001505
RASO003p01a_T1SS_2	GCF0001506
NIEU001c01a_T1SS_1	GCF0001507
CIRO001c01a_T1SS_6	GCF0001508
ENBA001c01a_T1SS_2	GCF0001509
COFU001c01a_T5aSS_2	GCF0001510
RAEU001c02a_T5cSS_1	GCF0001511
THCY001c01a_T5bSS_1	GCF0001512
ACPL003c01a_T5cSS_1	GCF0001513
ACSI001c01a_T5bSS_1	GCF0001514
HAPI001c01a_T5cSS_1	GCF0001515
TAEQ002c01a_T5cSS_5	GCF0001516
CACL003c01a_T5aSS_2	GCF0001517
SEMA001c01a_T1SS_3	GCF0001518
ACPL001c01a_T5cSS_2	GCF0001519
MASU001c01a_T5cSS_1	GCF0001520
BOAV001c01a_T5bSS_3	GCF0001521
NELA001c01a_T5cSS_5	GCF0001522
CIRO001c01a_T1SS_2	GCF0001523
ESCO019c01a_T5aSS_6	GCF0001524
TETU001c01a_T5bSS_1	GCF0001525
ACXY001c01a_T5bSS_3	GCF0001526
PSFL007c01a_T5bSS_3	GCF0001527
BUAM001c02a_T5bSS_1	GCF0001528
BUAM002c01a_T5bSS_1	GCF0001529
PSRE001c01a_T5aSS_2	GCF0001530
RHCE001c01a_T5aSS_1	GCF0001531
PSAE008c01a_T5aSS_3	GCF0001532
AZB5001p02a_T1SS_1	GCF0001533
MAMR001c01a_T5aSS_2	GCF0001534
OCGK001c01a_Tad_1	GCF0001535
SHSE001c01a_Tad_1	GCF0001536
VIEX001c01a_Tad_1	GCF0001537
PSUW001c01a_Tad_1	GCF0001538
PHPR001c02a_Tad_1	GCF0001539
GESU002c01a_T5bSS_1	GCF0001540
PSSY001c01a_T5aSS_7	GCF0001541
PSFL007c01a_T5bSS_6	GCF0001542
PSPU009c01a_T5aSS_2	GCF0001543
PSPU002c01a_T5aSS_2	GCF0001544
PSPU003c01a_T5aSS_1	GCF0001545
PSDE001c01a_T1SS_5	GCF0001546
PSFL005c01a_T5aSS_3	GCF0001547
PAAN001c01a_T5aSS_2	GCF0001548
LEBU001c01a_T5aSS_5	GCF0001549
PSFO001c01a_T5aSS_5	GCF0001550
SEMA002c01a_T5aSS_3	GCF0001551
ENSA001c01a_T5aSS_4	GCF0001552
PSSY001c01a_T5aSS_5	GCF0001553
PSBR001c01a_T5aSS_1	GCF0001554
HESE001c01a_T5bSS_3	GCF0001555
PSBR001c01a_T1SS_3	GCF0001556
PSPU006c01a_T1SS_3	GCF0001557
NIOC001c01a_T1SS_1	GCF0001558
BUCG001c02a_T1SS_2	GCF0001559
ACPH001c01a_T1SS_2	GCF0001560
THVI001c01a_T1SS_1	GCF0001561
AZCA001c01a_T1SS_3	GCF0001562
XEBO001c01a_T1SS_1	GCF0001563
DIDA003c01a_T1SS_1	GCF0001564
SEMA002c01a_T1SS_2	GCF0001565
DEIN001c01a_T1SS_1	GCF0001566
PRMI002c01a_T1SS_1	GCF0001567
SPSA001c01a_T1SS_1	GCF0001568
PSMU001c01a_T1SS_1	GCF0001569
NISL001c01a_T1SS_1	GCF0001570
PSAE001c01a_T5bSS_4	GCF0001571
MOMO001c01a_T5aSS_4	GCF0001572
RAEU001c01a_T5aSS_2	GCF0001573
MEAA001c01a_T5aSS_3	GCF0001574
BOBR003c01a_T5aSS_6	GCF0001575
HAIN010c01a_T5cSS_3	GCF0001576
NIMU001c01a_T1SS_1	GCF0001577
PSFL003c01a_T1SS_2	GCF0001578
PSAE008c01a_T1SS_2	GCF0001579
PSEN001c01a_T1SS_5	GCF0001580
PSAE003c01a_T1SS_4	GCF0001581
YEPE007c01a_T1SS_2	GCF0001582
PECR002c01a_T1SS_2	GCF0001583
ESBL001c01a_T1SS_2	GCF0001584
ALVI001c01a_T1SS_1	GCF0001585
ENR4001c01a_T5aSS_1	GCF0001586
PABE001c01a_T1SS_1	GCF0001587
BOBR002c01a_T5aSS_6	GCF0001588
PSAE002c01a_T5bSS_2	GCF0001589
PSFU001c01a_T5bSS_1	GCF0001590
PSSY002c01a_T1SS_1	GCF0001591
MEJ7001c01a_T1SS_2	GCF0001592
AZVI003c01a_T1SS_1	GCF0001593
MABS001c01a_T1SS_1	GCF0001594
NISP001c01a_T1SS_1	GCF0001595
PSSY002c01a_T5aSS_1	GCF0001596
PSPO001c01a_T5aSS_5	GCF0001597
PSFL005c01a_T1SS_3	GCF0001598
ME30001c01a_T5aSS_2	GCF0001599
ENSP001c01a_T5cSS_1	GCF0001600
SHVI001c01a_Tad_1	GCF0001601
BUCE001c02a_Tad_1	GCF0001602
BUTH001c01a_Tad_1	GCF0001603
BUYI001c02a_Tad_1	GCF0001604
VINI001c01a_Tad_1	GCF0001605
AEHY002c01a_Tad_1	GCF0001606
PHZU001c01a_Tad_1	GCF0001607
AZB5001c01a_Tad_1	GCF0001608
MESL001c01a_Tad_1	GCF0001609
PSFL003c01a_T5aSS_1	GCF0001610
PSRE001c01a_T1SS_1	GCF0001611
PSPU003c01a_T1SS_4	GCF0001612
PSRE001c01a_T1SS_2	GCF0001613
PECR001c01a_T1SS_4	GCF0001614
ENBA001c01a_T1SS_3	GCF0001615
VAPA002c01a_T5aSS_1	GCF0001616
ACXY002c01a_T5aSS_8	GCF0001617
TIMO001p01a_T5aSS_1	GCF0001618
ACXY002c01a_T5aSS_5	GCF0001619
PSFL007c01a_T5aSS_4	GCF0001620
STML003c01a_T5aSS_9	GCF0001621
BOBR003c01a_T5aSS_1	GCF0001622
ESCO012c01a_T5aSS_4	GCF0001623
ESCO012c01a_T5cSS_1	GCF0001624
MAHA005c01a_T5aSS_2	GCF0001625
YEEN001c01a_T5cSS_1	GCF0001626
AZB5001p01a_T1SS_4	GCF0001627
HAHY001c01a_T1SS_1	GCF0001628
RASO004p01a_T1SS_1	GCF0001629
PHLU001c01a_T1SS_1	GCF0001630
PSDE001c01a_T1SS_3	GCF0001631
PSSY002c01a_T1SS_2	GCF0001632
DETI001c01a_T1SS_1	GCF0001633
ACPL002c01a_T1SS_1	GCF0001634
XAAX002c01a_T1SS_2	GCF0001635
CUTA001p01a_T1SS_1	GCF0001636
CHVI001c01a_T1SS_3	GCF0001637
COFU001c01a_T1SS_3	GCF0001638
HESE001c01a_T1SS_2	GCF0001639
ACXY002c01a_T1SS_2	GCF0001640
RAPI001c01a_T5aSS_1	GCF0001641
PSST004c01a_T1SS_1	GCF0001642
HAPA001c01a_T5aSS_2	GCF0001643
ACSI001c01a_T5cSS_4	GCF0001644
BITR001c01a_T5cSS_2	GCF0001645
BUGD001p03a_T5cSS_3	GCF0001646
CUTA001c02a_T5aSS_1	GCF0001647
ESBL001c01a_T5aSS_2	GCF0001648
AKMU001c01a_T5aSS_4	GCF0001649
DEAK001c01a_T2SS_1	GCF0001650
BURH001c01a_T5cSS_1	GCF0001651
BURH001p01a_T5cSS_1	GCF0001652
PECR001c01a_T5aSS_2	GCF0001653
MESP001c01a_T5aSS_3	GCF0001654
PALA001c01a_T5aSS_1	GCF0001655
MEOP001c01a_T5aSS_3	GCF0001656
ESCO020c01a_T5aSS_2	GCF0001657
ACXY002c01a_T5aSS_4	GCF0001658
TOAU001c01a_T2SS_1	GCF0001659
BRJA001c01a_T1SS_1	GCF0001660
RHPA003c01a_T1SS_3	GCF0001661
RHPA003c01a_T1SS_2	GCF0001662
SILI001c01a_T2SS_1	GCF0001663
SUDI001c01a_T2SS_1	GCF0001664
NIMU001c01a_T2SS_1	GCF0001665
PSAR001c01a_T5bSS_1	GCF0001666
PSDE001c01a_T5aSS_4	GCF0001667
PRMI001c01a_T1SS_2	GCF0001668
PSPU009c01a_T2SS_1	GCF0001669
XYFA003c01a_T5cSS_1	GCF0001670
ALSN001c01a_T1SS_1	GCF0001671
XACI001c01a_T5cSS_1	GCF0001672
CAPE001c01a_T5aSS_2	GCF0001673
ENCL004c01a_T5aSS_1	GCF0001674
ACMU001c01a_T5aSS_2	GCF0001675
CHVI001c01a_T2SS_1	GCF0001676
LEPN004c01a_T4SS_typeI_1	GCF0001677
THVI001c01a_T5aSS_1	GCF0001678
PSST005c01a_T2SS_1	GCF0001679
VAPA002c01a_T5cSS_4	GCF0001680
MIAE001c01a_T1SS_3	GCF0001681
STML004c01a_T5aSS_8	GCF0001682
PHZU001c01a_T2SS_1	GCF0001683
STML001c01a_T2SS_1	GCF0001684
PSFL005c01a_T2SS_2	GCF0001685
CACR002c01a_T2SS_1	GCF0001686
SPMM001c01a_T2SS_1	GCF0001687
SPWI001c01a_T2SS_1	GCF0001688
THPP001c01a_T2SS_1	GCF0001689
ACXY002c01a_T2SS_1	GCF0001690
PUT7001c01a_T2SS_1	GCF0001691
MABA001c01a_T2SS_1	GCF0001692
HACH001c01a_T2SS_1	GCF0001693
PSMU001c01a_T2SS_1	GCF0001694
PSAE003c01a_T2SS_1	GCF0001695
BUXE001c01a_T2SS_1	GCF0001696
CUME001c01a_T2SS_1	GCF0001697
COFU001c01a_T2SS_1	GCF0001698
THCR001c01a_T2SS_1	GCF0001699
THCY001c01a_T2SS_1	GCF0001700
TETU001c01a_T2SS_1	GCF0001701
CEJA001c01a_T2SS_1	GCF0001702
ALDE001c01a_T2SS_1	GCF0001703
RUGE001c01a_T2SS_1	GCF0001704
LECH001c01a_T5bSS_1	GCF0001705
TH3A001c01a_T2SS_1	GCF0001706
SEMA001c01a_T2SS_1	GCF0001707
KLOX001c01a_T2SS_2	GCF0001708
ESCO030p01a_T2SS_1	GCF0001709
ERTA001c01a_T2SS_1	GCF0001710
PSIN001c01a_T2SS_1	GCF0001711
YEEN001c01a_T2SS_1	GCF0001712
AEVE001c01a_T2SS_1	GCF0001713
ENCL002c01a_T2SS_1	GCF0001714
ESCO008c01a_T2SS_2	GCF0001715
VICH005c01a_T2SS_1	GCF0001716
ALMA011c01a_T2SS_1	GCF0001717
PS99001c01a_T2SS_1	GCF0001718
SHPU002c01a_T2SS_1	GCF0001719
KAKO001c01a_T2SS_1	GCF0001720
ESCO037c01a_T2SS_1	GCF0001721
IDLO001c01a_T2SS_1	GCF0001722
SHPI001c01a_T1SS_5	GCF0001723
PSAE006c01a_T5bSS_4	GCF0001724
ACXY002c01a_T5bSS_4	GCF0001725
CAK3001c01a_T5bSS_1	GCF0001726
JASP001c01a_T5bSS_5	GCF0001727
ALDI001c01a_T1SS_2	GCF0001728
JASP001c01a_T5aSS_16	GCF0001729
MEAA001c01a_T5aSS_1	GCF0001730
ACSI001c01a_T5aSS_5	GCF0001731
BOPE003c01a_T5bSS_2	GCF0001732
SERU001c01a_T5bSS_2	GCF0001733
SESP001c01a_T5bSS_2	GCF0001734
CHVI001c01a_T5aSS_2	GCF0001735
COBA001c01a_T1SS_1	GCF0001736
BUTH001c02a_T5cSS_1	GCF0001737
BUAM001c01a_T5aSS_2	GCF0001738
BUAM002c01a_T1SS_1	GCF0001739
BUCG001c01a_T1SS_1	GCF0001740
BUGD001c02a_T1SS_1	GCF0001741
ENCL004c01a_T1SS_6	GCF0001742
ERBI001c01a_T1SS_2	GCF0001743
FUNU002c01a_T5cSS_2	GCF0001744
FU48001c01a_T5cSS_1	GCF0001745
FUNU002c01a_T5aSS_10	GCF0001746
FU48001c01a_T5aSS_7	GCF0001747
FUNU002c01a_T5aSS_2	GCF0001748
FUNU002c01a_T5aSS_1	GCF0001749
CAHO001c01a_T5bSS_1	GCF0001750
FU48001c01a_T5aSS_5	GCF0001751
FU48001c01a_T5aSS_11	GCF0001752
RAAQ001c01a_T5cSS_1	GCF0001753
ARLL001c01a_T1SS_1	GCF0001754
ARNI001c01a_T1SS_3	GCF0001755
ARNI001c01a_T1SS_4	GCF0001756
AZKH001c01a_T1SS_1	GCF0001757
PSDE001c01a_T5bSS_1	GCF0001758
DETO001c01a_T1SS_1	GCF0001759
RATA001c01a_T1SS_1	GCF0001760
VAPA002c01a_T5bSS_1	GCF0001761
XAAX001c01a_T6SS_1	GCF0001762
PADE001c01a_T6SS_1	GCF0001763
MECI001p01a_T6SS_1	GCF0001764
RHSP001c02a_T6SS_1	GCF0001765
VAPA003c01a_T6SS_2	GCF0001766
PSFL005c01a_T6SS_1	GCF0001767
MEAA001c01a_T6SS_1	GCF0001768
XAOR004c01a_T6SS_2	GCF0001769
BUYI001c03a_T6SS_2	GCF0001770
TAAS001c01a_T6SS_1	GCF0001771
AZSP002c01a_T6SS_2	GCF0001772
BUGD001c02a_T6SS_1	GCF0001773
BUPS006c02a_T6SS_1	GCF0001774
BUAM001p01a_T4SS_typeT_1	GCF0001775
YEPE006c01a_T6SS_3	GCF0001776
SAEN015c01a_T6SS_1	GCF0001777
RAEU002c01a_T6SS_1	GCF0001778
PSFO001c01a_T6SS_2	GCF0001779
XENE001c01a_T6SS_1	GCF0001780
DECS001c01a_T6SS_1	GCF0001781
CRTU001c01a_T6SS_1	GCF0001782
BUCE001c02a_T6SS_1	GCF0001783
PUT7001c01a_T6SS_1	GCF0001784
VAPA003c01a_T6SS_1	GCF0001785
MESL001c01a_T6SS_1	GCF0001786
BUYI001p01a_T5bSS_1	GCF0001787
LECH001c01a_T5bSS_2	GCF0001788
THVI001c01a_T6SS_1	GCF0001789
FRAU001c01a_T6SS_1	GCF0001790
PSCR001c01a_T5cSS_1	GCF0001791
AZCA001c01a_T5aSS_8	GCF0001792
YEPE004c01a_T6SS_3	GCF0001793
BUTH001c02a_T6SS_4	GCF0001794
BUGD001c02a_T5cSS_2	GCF0001795
PHGA001c01a_T1SS_1	GCF0001796
RHCA001c01a_T1SS_1	GCF0001797
BUPS001c02a_T5cSS_3	GCF0001798
BUGL001c02a_T5cSS_1	GCF0001799
BUVI001c02a_T5cSS_1	GCF0001800
BUGD001c02a_T5cSS_3	GCF0001801
BUVI001c03a_T5cSS_2	GCF0001802
EREJ001c01a_T5bSS_4	GCF0001803
EDIC001c01a_T5bSS_3	GCF0001804
YEPE007c01a_T5bSS_1	GCF0001805
YEPS004c01a_T5aSS_9	GCF0001806
KLVA001c01a_T5bSS_2	GCF0001807
CIRO001c01a_T5bSS_1	GCF0001808
ENCL002c01a_T5bSS_1	GCF0001809
ENAS001c01a_T5bSS_1	GCF0001810
PHLU001c01a_T5bSS_4	GCF0001811
ERBI001c01a_T5bSS_1	GCF0001812
PESC001c01a_T5bSS_1	GCF0001813
YEPE008c01a_T5bSS_3	GCF0001814
ENCL005c01a_T5bSS_2	GCF0001815
DIDA002c01a_T5bSS_2	GCF0001816
SEPL002c01a_T5bSS_2	GCF0001817
BUXE001c03a_T1SS_1	GCF0001818
SEPL001c01a_T1SS_4	GCF0001819
PAVA001p02a_T1SS_1	GCF0001820
CIRO001c01a_T5aSS_3	GCF0001821
PHLU001c01a_T5bSS_5	GCF0001822
YEEN002c01a_T5aSS_2	GCF0001823
PSAE004c01a_Tad_1	GCF0001824
PSFL002c01a_Tad_1	GCF0001825
PSFU001c01a_Tad_1	GCF0001826
THNI001c01a_Tad_1	GCF0001827
YEPE001c01a_T5aSS_7	GCF0001828
ACXY001c01a_T1SS_1	GCF0001829
MASP001c01a_T1SS_4	GCF0001830
MEAA001c01a_Tad_1	GCF0001831
PAVA001p02a_T5aSS_1	GCF0001832
SABO002c01a_T1SS_1	GCF0001833
FRAU001c01a_T1SS_1	GCF0001834
PSAR001c01a_T5aSS_1	GCF0001835
HYNE001c01a_T2SS_1	GCF0001836
CHVI001c01a_T5bSS_3	GCF0001837
PRST001c01a_T5aSS_1	GCF0001838
MAMR001c01a_T2SS_1	GCF0001839
PSPU003c01a_T5aSS_3	GCF0001840
KLOX001c01a_T5aSS_1	GCF0001841
PSDE001c01a_T5aSS_1	GCF0001842
PAAT001p03a_T5aSS_2	GCF0001843
PECA001c01a_T6SS_1	GCF0001844
MAME001c01a_T6SS_2	GCF0001845
ESCO031c01a_T6SS_2	GCF0001846
PHAB001c01a_T6SS_3	GCF0001847
PHLU001c01a_T6SS_3	GCF0001848
ENR4001c01a_T6SS_2	GCF0001849
BUGL001c02a_T6SS_2	GCF0001850
CUME001c01a_T6SS_1	GCF0001851
BURP001c03a_T6SS_1	GCF0001852
BUTH001c02a_T6SS_3	GCF0001853
LEFE001c01a_T6SS_1	GCF0001854
PSPU008c01a_T6SS_1	GCF0001855
VIPA001c02a_T1SS_1	GCF0001856
HAEL001c01a_T5cSS_1	GCF0001857
PAMU002c01a_T5aSS_4	GCF0001858
COFU001c01a_T1SS_1	GCF0001859
VIPA003c01a_T6SS_1	GCF0001860
SOCE002c01a_T6SS_1	GCF0001861
MYFU001c01a_T6SS_1	GCF0001862
MYST001c01a_T6SS_1	GCF0001863
ESCO029c01a_T6SS_1	GCF0001864
ENAS001c01a_T6SS_2	GCF0001865
PRST001c01a_T6SS_1	GCF0001866
PHLU001c01a_T6SS_1	GCF0001867
MAMW001c01a_T6SS_1	GCF0001868
MAPO001c01a_T6SS_2	GCF0001869
DIZE001c01a_T6SS_1	GCF0001870
HAEL001c01a_T6SS_1	GCF0001871
ALEH001c01a_T6SS_1	GCF0001872
ARLL001c01a_T6SS_1	GCF0001873
ARNI001c01a_T6SS_1	GCF0001874
PUT7001c01a_T6SS_2	GCF0001875
PSSY001c01a_T6SS_2	GCF0001876
VIFI002c01a_T6SS_1	GCF0001877
TOAU001c01a_T6SS_1	GCF0001878
YEEN001c01a_T5aSS_2	GCF0001879
CIRO001c01a_T1SS_5	GCF0001880
ENSP001c01a_T5aSS_4	GCF0001881
ENCL004c01a_T5cSS_1	GCF0001882
CIKO001c01a_T5aSS_1	GCF0001883
MOMO001c01a_T5cSS_2	GCF0001884
XEBO001c01a_T5aSS_5	GCF0001885
XEBO001c01a_T5bSS_2	GCF0001886
XENE001c01a_T5aSS_3	GCF0001887
HADE001c01a_T5aSS_5	GCF0001888
HADE001p01a_T4SS_typeI_1	GCF0001889
HADE001c01a_T4SS_typeT_1	GCF0001890
HADE001c01a_T5aSS_3	GCF0001891
ESCO033p02a_T4SS_typeI_1	GCF0001892
ARNI001c01a_T1SS_2	GCF0001893
MESI001c01a_T5aSS_1	GCF0001894
AZB5001c01a_T5aSS_1	GCF0001895
NELA001c01a_T5cSS_1	GCF0001896
NEME003c01a_T5cSS_2	GCF0001897
NEME005c01a_T5aSS_3	GCF0001898
PRMI002c01a_T5bSS_1	GCF0001899
SEPR001c01a_T1SS_2	GCF0001900
VAPA002c01a_T5cSS_3	GCF0001901
BUMU001c01a_T1SS_1	GCF0001902
JASP001c01a_T5bSS_2	GCF0001903
PSAE001c01a_T6SS_3	GCF0001904
RAEU001c02a_T5aSS_2	GCF0001905
PSDE001c01a_T1SS_4	GCF0001906
CHSA001c01a_T1SS_1	GCF0001907
PSFU001c01a_T1SS_3	GCF0001908
BUVI001c02a_T3SS_1	GCF0001909
VAPA002c01a_T3SS_1	GCF0001910
KLPN006c01a_T1SS_1	GCF0001911
MOMO001c01a_T1SS_2	GCF0001912
EREJ001c01a_T5bSS_3	GCF0001913
ERTA001c01a_T1SS_1	GCF0001914
ENAS001c01a_T1SS_1	GCF0001915
RAOR001c01a_T1SS_1	GCF0001916
OCAN001c01a_T1SS_1	GCF0001917
SEMA002c01a_T1SS_4	GCF0001918
BITR001c01a_T5cSS_6	GCF0001919
WIGL001c01a_Flagellum_1	GCF0001920
EDTA003c01a_T1SS_1	GCF0001921
HAPA002c01a_T5cSS_2	GCF0001922
BEBA001c01a_T1SS_1	GCF0001923
CYMA001c01a_T1SS_1	GCF0001924
NEME006c01a_T5aSS_1	GCF0001925
CACR001c01a_T1SS_1	GCF0001926
RHPA005c01a_T5aSS_2	GCF0001927
BOPE003c01a_T5aSS_4	GCF0001928
HESE001c01a_T5bSS_2	GCF0001929
POJS001c01a_T5aSS_1	GCF0001930
PSSU001c01a_T5cSS_1	GCF0001931
BUPE001c01a_T5bSS_1	GCF0001932
SEAS001c01a_T5bSS_3	GCF0001933
BOBR003c01a_T5aSS_9	GCF0001934
ADKA001c01a_T5cSS_1	GCF0001935
ESCO026c01a_T5aSS_3	GCF0001936
PAAN004c01a_T5bSS_1	GCF0001937
ENCL002c01a_T5cSS_2	GCF0001938
ENCL004c01a_T1SS_1	GCF0001939
ENSP001c01a_T5bSS_1	GCF0001940
RAAQ002c01a_T5bSS_3	GCF0001941
RAAQ001c01a_T5bSS_2	GCF0001942
ESCO035c01a_T5bSS_1	GCF0001943
CRTU001p01a_T5bSS_1	GCF0001944
ENR4001c01a_T5bSS_1	GCF0001945
KLPN001c01a_T5bSS_2	GCF0001946
ENCL004c01a_T5bSS_2	GCF0001947
ESCO046c01a_T5aSS_7	GCF0001948
RAEU002c02a_T1SS_2	GCF0001949
MOMO001c01a_T5aSS_7	GCF0001950
PEPH001c01a_T5aSS_1	GCF0001951
THCY001c01a_T5bSS_5	GCF0001952
THCY001c01a_T5bSS_3	GCF0001953
YEPE007c01a_T5bSS_2	GCF0001954
AGRA001c02a_T5aSS_1	GCF0001955
OCAN001c02a_T5aSS_4	GCF0001956
ACSI001c01a_T5cSS_1	GCF0001957
HASO002c01a_T5cSS_8	GCF0001958
ENCL001c01a_T1SS_3	GCF0001959
MAMW001c01a_T5bSS_2	GCF0001960
COBA001c01a_T5bSS_1	GCF0001961
HAPA002c01a_T5bSS_2	GCF0001962
NOAR001c01a_T1SS_1	GCF0001963
RHIR001c02a_T5aSS_1	GCF0001964
ASEX001c01a_pT4SSt_1	GCF0001965
SPCH001c01a_pT4SSt_1	GCF0001966
CACR001c01a_pT4SSt_1	GCF0001967
NO1Y001c01a_pT4SSt_1	GCF0001968
ENBA001c01a_T5aSS_3	GCF0001969
SAEN006c01a_T5aSS_4	GCF0001970
CIRO001c01a_T5aSS_9	GCF0001971
CIRO001c01a_T5aSS_2	GCF0001972
CIRO001c01a_T5cSS_1	GCF0001973
HAPA002c01a_T5aSS_5	GCF0001974
LEPN004c01a_T4SS_typeG_2	GCF0001975
GLNI001c01a_T1SS_1	GCF0001976
YEEN002c01a_T1SS_2	GCF0001977
ESFE001c01a_T5aSS_2	GCF0001978
PHLU001c01a_T5bSS_3	GCF0001979
PSSU001c01a_T5bSS_1	GCF0001980
BITR001c01a_T5cSS_5	GCF0001981
HASO002c01a_T5bSS_1	GCF0001982
HAIN008c01a_T5bSS_3	GCF0001983
HAIN006c01a_T5bSS_3	GCF0001984
HASO002c01a_T5cSS_4	GCF0001985
NEGO002c01a_T5aSS_4	GCF0001986
STML001c01a_T4SS_typeT_2	GCF0001987
HASO002c01a_T5cSS_9	GCF0001988
MEME001c01a_T5aSS_6	GCF0001989
PRMI001c01a_T5aSS_3	GCF0001990
BRS2001c01a_T5cSS_2	GCF0001991
HAIN006c01a_T5cSS_1	GCF0001992
HASO002c01a_T5cSS_5	GCF0001993
ALMA005c01a_T1SS_1	GCF0001994
ALSN001c01a_T1SS_2	GCF0001995
YEEN001c01a_T5aSS_4	GCF0001996
SE12001c01a_T5bSS_5	GCF0001997
VIFI001c01a_T5cSS_1	GCF0001998
HAPA002c01a_T5aSS_3	GCF0001999
AGAP001c01a_T5cSS_4	GCF0002000
BITR001c01a_T5cSS_3	GCF0002001
BITR001c01a_T5aSS_3	GCF0002002
HAPI001c01a_T5cSS_2	GCF0002003
SITM001p01a_T5aSS_1	GCF0002004
BUGD001p03a_T5cSS_2	GCF0002005
BUCC003p01a_T4SS_typeF_1	GCF0002006
ALDE002p01a_T4SS_typeF_1	GCF0002007
BUCC005p01a_T4SS_typeF_1	GCF0002008
ACBA009p02a_T4SS_typeF_1	GCF0002009
XAAL001p02a_T4SS_typeT_1	GCF0002010
XAAL001p03a_T4SS_typeT_1	GCF0002011
ALMA007p01a_T4SS_typeF_1	GCF0002012
SOCE001c01a_T1SS_1	GCF0002013
RHET003p06a_T6SS_1	GCF0002014
JACC001c01a_T6SS_1	GCF0002015
BUAM001c01a_T5bSS_1	GCF0002016
VAPA002c01a_T5cSS_1	GCF0002017
PSSY002c01a_T6SS_1	GCF0002018
ACDR001c01a_T6SS_1	GCF0002019
PSNH001c01a_T6SS_1	GCF0002020
EDTA002c01a_T6SS_1	GCF0002021
SIAC001c01a_T6SS_1	GCF0002022
AZSP002c01a_T6SS_1	GCF0002023
RAAQ001p02a_T6SS_1	GCF0002024
GRMA001c01a_T6SS_1	GCF0002025
SOUS001c01a_T6SS_1	GCF0002026
TESA001c01a_T6SS_1	GCF0002027
GEAU001c01a_T6SS_1	GCF0002028
AZLI001c01a_T6SS_1	GCF0002029
AZCA001c01a_T6SS_1	GCF0002030
SADE001c01a_T6SS_1	GCF0002031
TETU001c01a_T6SS_1	GCF0002032
AZB5001p01a_T6SS_1	GCF0002033
HESE001c01a_T6SS_1	GCF0002034
XAOR004c01a_T6SS_1	GCF0002035
BUAM001c01a_T6SS_1	GCF0002036
RUGE001c01a_T6SS_1	GCF0002037
AZKH001c01a_T6SS_1	GCF0002038
VAPA001c02a_T1SS_1	GCF0002039
LECH001c01a_T1SS_1	GCF0002040
NIDE001c01a_T6SS_1	GCF0002041
PLBR001c01a_T6SS_1	GCF0002042
ALSA001c01a_T6SS_1	GCF0002043
MAPO001c01a_T6SS_1	GCF0002044
VISP001c01a_T6SS_1	GCF0002045
VINI001c01a_T6SS_1	GCF0002046
SHFR001c01a_T6SS_1	GCF0002047
SHBA006c01a_T6SS_1	GCF0002048
TIMO001p02a_T6SS_1	GCF0002049
BOAV001c01a_T5aSS_2	GCF0002050
SHSP002c01a_T4SS_typeF_1	GCF0002051
SAEN007p02a_T4SS_typeF_1	GCF0002052
THVI001c01a_T4SS_typeF_1	GCF0002053
THOL001c01a_T6SS_1	GCF0002054
PSFU001c01a_T5bSS_2	GCF0002055
RAY9001c01a_T5bSS_2	GCF0002056
AZVI002c01a_T5bSS_1	GCF0002057
RHET001c01a_T1SS_1	GCF0002058
MECI001c01a_T1SS_3	GCF0002059
HAIN007c01a_T5cSS_2	GCF0002060
BRSP002c01a_T5aSS_2	GCF0002061
XAAU001c01a_T5aSS_2	GCF0002062
ACSI001c01a_T5cSS_3	GCF0002063
BUPE001c02a_T5bSS_2	GCF0002064
HASO002c01a_T5cSS_6	GCF0002065
RASO001c01a_T5bSS_2	GCF0002066
RAPI001c01a_T5bSS_1	GCF0002067
BU38001c01a_T5cSS_1	GCF0002068
BUTH001c01a_T5bSS_2	GCF0002069
BUPS001c02a_T5bSS_2	GCF0002070
RASO005c01a_T5bSS_2	GCF0002071
RASO004p01a_T5bSS_1	GCF0002072
BUPS008c01a_T5bSS_3	GCF0002073
RASO006p01a_T5bSS_1	GCF0002074
RASO006c01a_T5bSS_1	GCF0002075
COFU001c01a_T5bSS_2	GCF0002076
BUPH001c02a_T5bSS_1	GCF0002077
BUXE001c01a_T5bSS_2	GCF0002078
BUGD001p01a_T5bSS_1	GCF0002079
BUVI001c02a_T5bSS_1	GCF0002080
BUYI001c01a_T5bSS_1	GCF0002081
BURH001c01a_T5bSS_1	GCF0002082
CUTA001c01a_T5bSS_1	GCF0002083
BUMA003c01a_T5cSS_1	GCF0002084
ACFM001c01a_T5cSS_6	GCF0002085
ACXY002c01a_T1SS_4	GCF0002086
RUGE001c01a_T5bSS_1	GCF0002087
NEME009c01a_T1SS_1	GCF0002088
NEME011c01a_T5bSS_3	GCF0002089
MEPO001c01a_T1SS_4	GCF0002090
GLOX002c01a_T1SS_2	GCF0002091
CAFE001c01a_T1SS_1	GCF0002092
MEAA001c01a_T1SS_2	GCF0002093
NEME011c01a_T5bSS_2	GCF0002094
NELA001c01a_T5bSS_1	GCF0002095
NELA001c01a_T5cSS_2	GCF0002096
NEME014c01a_T1SS_1	GCF0002097
MEME001c01a_T5aSS_3	GCF0002098
MELO001c01a_T1SS_3	GCF0002099
BUAM001c02a_T5bSS_2	GCF0002100
BUMU001c02a_T5bSS_1	GCF0002101
MESL001c01a_T5bSS_1	GCF0002102
NIHA001c01a_T5bSS_1	GCF0002103
BEIN001c01a_T5bSS_1	GCF0002104
BUXE001c02a_T1SS_1	GCF0002105
ADKA001p01a_T4SS_typeT_1	GCF0002106
TAEQ001c01a_T4SS_typeT_1	GCF0002107
MEEL001c01a_T5cSS_4	GCF0002108
SAEN011c01a_T5aSS_1	GCF0002109
MEEL001c01a_T5cSS_3	GCF0002110
MEEL001c01a_T5cSS_5	GCF0002111
PSFO001c01a_T1SS_4	GCF0002112
RHPA003c01a_T5cSS_1	GCF0002113
MEOP001c01a_T5cSS_1	GCF0002114
PSFL005c01a_T5aSS_5	GCF0002115
PSPU002c01a_T5aSS_4	GCF0002116
SAEN039c01a_T5aSS_1	GCF0002117
ENCL002c01a_T5aSS_5	GCF0002118
SABO002c01a_T5aSS_5	GCF0002119
ACPL003c01a_T1SS_2	GCF0002120
RAAQ001c01a_T1SS_3	GCF0002121
ESBL001c01a_T5bSS_1	GCF0002122
GEM1001c01a_T2SS_1	GCF0002123
MEFG001c01a_T1SS_3	GCF0002124
OCAN001p02a_T5aSS_1	GCF0002125
PSAR001c01a_T1SS_1	GCF0002126
PSSP001c01a_T1SS_1	GCF0002127
NEME011c01a_T5aSS_1	GCF0002128
BUAM002c03a_T5aSS_1	GCF0002129
PAMC003c01a_Tad_1	GCF0002130
MASU001c01a_T5bSS_1	GCF0002131
PECR002c01a_T5bSS_1	GCF0002132
FRAU001c01a_T5cSS_1	GCF0002133
SADE001c01a_T5bSS_1	GCF0002134
SOGL001c01a_T3SS_3	GCF0002135
XAAL001c01a_T3SS_1	GCF0002136
ERAM002c01a_T3SS_2	GCF0002137
CHVI001c01a_T3SS_1	GCF0002138
PSUW001c01a_T3SS_1	GCF0002139
SHFL004p01a_T3SS_1	GCF0002140
BUPS008c01a_T3SS_2	GCF0002141
YEEN001c01a_T3SS_1	GCF0002142
MOMO001c01a_T3SS_1	GCF0002143
PRMI002c01a_T3SS_1	GCF0002144
ACAV002c01a_T3SS_1	GCF0002145
BUPS008c01a_T3SS_3	GCF0002146
RASO003p01a_T3SS_1	GCF0002147
BUCC004c03a_T3SS_2	GCF0002148
RATA001c01a_T3SS_1	GCF0002149
ENR4001c01a_T3SS_1	GCF0002150
HESE001c01a_T3SS_1	GCF0002151
DIZE001c01a_T5bSS_1	GCF0002152
DIDA001c01a_T5bSS_1	GCF0002153
PSMU001c01a_T3SS_1	GCF0002154
DIDA002c01a_T3SS_1	GCF0002155
MAME001c01a_T3SS_1	GCF0002156
BOBR002c01a_T3SS_1	GCF0002157
DEVU002p01a_T3SS_1	GCF0002158
VIPA001c01a_T3SS_1	GCF0002159
HACH001c01a_T3SS_1	GCF0002160
LAIN002c01a_T3SS_1	GCF0002161
PSFO001c01a_T3SS_1	GCF0002162
HACH001c01a_T3SS_2	GCF0002163
SEPR001c01a_T5bSS_3	GCF0002164
YEPE007c01a_T3SS_1	GCF0002165
PRMI002c01a_T5bSS_2	GCF0002166
XACA004c01a_T5aSS_1	GCF0002167
PHLU001c01a_T5bSS_2	GCF0002168
EDIC001c01a_T5bSS_1	GCF0002169
SAEN028c01a_T3SS_2	GCF0002170
SOGL001c01a_T3SS_2	GCF0002171
YEPE004c01a_T3SS_1	GCF0002172
BUTH002c01a_T3SS_1	GCF0002173
MESP001c01a_T3SS_1	GCF0002174
AGH1001p01a_T5aSS_1	GCF0002175
SIME002c01a_T5cSS_1	GCF0002176
ACXY001c01a_T5aSS_4	GCF0002177
SIMD001c01a_T5cSS_1	GCF0002178
CACR002c01a_T1SS_2	GCF0002179
MEPO001c01a_T1SS_1	GCF0002180
ME44000c01a_T1SS_2	GCF0002181
ACFE001c01a_T4SS_typeT_1	GCF0002182
ACCD001c01a_T4SS_typeT_1	GCF0002183
ACFR001c01a_T4SS_typeT_1	GCF0002184
BUPS002c02a_T5aSS_1	GCF0002185
BUPT001c01a_T4SS_typeT_1	GCF0002186
LECH001c01a_pT4SSt_1	GCF0002187
BOAV001c01a_T5aSS_4	GCF0002188
SPWI001c01a_T5bSS_1	GCF0002189
ACXY002c01a_T5aSS_1	GCF0002190
GLDI001c01a_Flagellum_1	GCF0002191
MEOP001c01a_T5aSS_4	GCF0002192
TIMO001c01a_T5aSS_4	GCF0002193
BROL001c01a_T5bSS_1	GCF0002194
AGRA001c02a_T5cSS_1	GCF0002195
MECI001c01a_T1SS_2	GCF0002196
SIME003p01a_T5cSS_1	GCF0002197
PADE001c01a_T5aSS_1	GCF0002198
SIFR001p03a_Tad_2	GCF0002199
MEOP001c01a_Tad_1	GCF0002200
OCAT001c01a_Tad_1	GCF0002201
STNO001c01a_T5aSS_1	GCF0002202
MECI001c01a_T5aSS_3	GCF0002203
AZB5001p03a_T5aSS_2	GCF0002204
OLCA001c01a_T5aSS_1	GCF0002205
SPCH001c01a_T5aSS_2	GCF0002206
AZB5001p03a_T5bSS_1	GCF0002207
BAPS001c01a_Flagellum_1	GCF0002208
BRSP001c01a_T5aSS_4	GCF0002209
PEHA001c01a_T1SS_2	GCF0002210
BUPS009c02a_T5cSS_2	GCF0002211
HYNE001c01a_T5cSS_1	GCF0002212
BUMA003c01a_T5bSS_1	GCF0002213
RUGE001c01a_T5bSS_2	GCF0002214
XACA001c01a_T5bSS_1	GCF0002215
XACA003c01a_T5bSS_1	GCF0002216
AGRA001c01a_T1SS_1	GCF0002217
AGRA001c02a_T1SS_1	GCF0002218
RHPA007c01a_T1SS_1	GCF0002219
RHET003c01a_T1SS_4	GCF0002220
AGRA001c02a_T1SS_3	GCF0002221
MELO001c01a_T1SS_2	GCF0002222
PSFO001c01a_T1SS_1	GCF0002223
SIFR002c01a_T1SS_3	GCF0002224
SIME005c01a_T1SS_2	GCF0002225
AGH1001c02a_T1SS_3	GCF0002226
MELO001c01a_T1SS_5	GCF0002227
RHPA003c01a_T1SS_1	GCF0002228
MENO001c01a_T1SS_3	GCF0002229
ME44000c01a_T1SS_3	GCF0002230
ME44000c01a_T1SS_5	GCF0002231
NIHA001c01a_T1SS_3	GCF0002232
MEPO001c01a_T1SS_3	GCF0002233
BRSP002c01a_T1SS_4	GCF0002234
BRSP001c01a_T5aSS_3	GCF0002235
RHPA002c01a_T5aSS_6	GCF0002236
DEMA001c01a_T5aSS_2	GCF0002237
DEMA001c01a_T5aSS_4	GCF0002238
BATR001c01a_T1SS_1	GCF0002239
DETO001c01a_T5bSS_1	GCF0002240
PSFL007c01a_T5aSS_5	GCF0002241
AGTU001c02a_T6SS_1	GCF0002242
BRSB001c01a_T1SS_1	GCF0002243
RHCE001c01a_T5bSS_1	GCF0002244
BUPT001c02a_T3SS_1	GCF0002245
BUXE001c01a_T3SS_1	GCF0002246
GLDI001c01a_T5aSS_2	GCF0002247
GLXY001c01a_T1SS_1	GCF0002248
GLDI002c01a_T1SS_1	GCF0002249
GRBE001c01a_T1SS_1	GCF0002250
RASO005p01a_T5cSS_1	GCF0002251
HIBA001c01a_T5aSS_1	GCF0002252
NOAR001c01a_T5bSS_2	GCF0002253
SPCH001c02a_T5bSS_2	GCF0002254
SPMM001c01a_T5bSS_1	GCF0002255
SPJA001c02a_Tad_1	GCF0002256
SPCH001c02a_T5bSS_1	GCF0002257
NO1Y001p01a_T5aSS_1	GCF0002258
SPWI001c01a_T5bSS_2	GCF0002259
PALA001c01a_T5bSS_1	GCF0002260
BUPS005c01a_T5cSS_2	GCF0002261
RHPA006c01a_T5aSS_1	GCF0002262
TESA001c01a_T4SS_typeT_3	GCF0002263
ACCA001c01a_T4SS_typeT_2	GCF0002264
ACCA001c01a_T4SS_typeT_1	GCF0002265
AZLI001c01a_T1SS_1	GCF0002266
AZCA001c01a_T5aSS_7	GCF0002267
ME30001c01a_T1SS_1	GCF0002268
MEMO001c01a_T1SS_1	GCF0002269
GACA001c01a_T1SS_1	GCF0002270
COFU001c01a_T1SS_2	GCF0002271
GEUR001c01a_T1SS_1	GCF0002272
ALDE001p01a_T4SS_typeF_1	GCF0002273
MASP001c01a_T5bSS_3	GCF0002274
XYFA003c01a_T5aSS_3	GCF0002275
SPCH001c01a_T4SS_typeF_1	GCF0002276
NO1Y001c01a_T4SS_typeF_1	GCF0002277
PABE001c01a_T4SS_typeF_1	GCF0002278
RODE001p01a_T4SS_typeT_1	GCF0002279
NOAR001p01a_T4SS_typeF_1	GCF0002280
SPMM001p04a_T4SS_typeF_1	GCF0002281
SPJA001c01a_T5aSS_2	GCF0002282
HYNE001c01a_T5bSS_1	GCF0002283
SITM001p02a_T4SS_typeT_1	GCF0002284
PAAM001p05a_T4SS_typeT_1	GCF0002285
OCAR001c01a_T4SS_typeT_1	GCF0002286
PSFO001c01a_T5aSS_3	GCF0002287
PADE001c02a_T5aSS_2	GCF0002288
BRJA002c01a_T5aSS_5	GCF0002289
ME44000c01a_T5aSS_3	GCF0002290
AGTU001p01a_T4SS_typeT_1	GCF0002291
BACG001c01a_pT4SSt_2	GCF0002292
SPWI001p02a_T4SS_typeT_1	GCF0002293
SPMM001p01a_T4SS_typeT_1	GCF0002294
PHZU001p01a_pT4SSt_1	GCF0002295
BRSP002p01a_pT4SSt_1	GCF0002296
NO1Y001p03a_T4SS_typeT_1	GCF0002297
BATR001c01a_T5aSS_7	GCF0002298
BAHE001c01a_T5aSS_7	GCF0002299
AGTU001c02a_T5aSS_1	GCF0002300
BAQU001c01a_T5aSS_3	GCF0002301
BATR001c01a_T5aSS_10	GCF0002302
AGTU001c02a_T1SS_2	GCF0002303
BACG001c01a_T5aSS_9	GCF0002304
BAAU001c01a_T5aSS_4	GCF0002305
RHIR001p01a_T4SS_typeT_1	GCF0002306
AGVI001p05a_T5aSS_1	GCF0002307
MECI001p01a_T5aSS_1	GCF0002308
RHLE003p03a_T4SS_typeT_1	GCF0002309
OLCA002p02a_T4SS_typeT_1	GCF0002310
AGVI001p01a_T4SS_typeT_1	GCF0002311
AGRA001p02a_T4SS_typeT_1	GCF0002312
AGVI001p03a_pT4SSt_1	GCF0002313
RHET003p05a_T4SS_typeT_1	GCF0002314
RHTR001p01a_T4SS_typeT_1	GCF0002315
SIME005p01a_T4SS_typeT_1	GCF0002316
RHLE001p05a_T4SS_typeT_1	GCF0002317
RHTR001p02a_T4SS_typeT_1	GCF0002318
ACMU001p06a_T4SS_typeT_1	GCF0002319
AGVI001p04a_T4SS_typeT_1	GCF0002320
GLXY001p01a_T4SS_typeT_1	GCF0002321
GEM1001c01a_T1SS_1	GCF0002322
MIAE001c01a_T1SS_1	GCF0002323
BUPS002c01a_T1SS_1	GCF0002324
MEEX003p02a_T4SS_typeI_1	GCF0002325
BROL001c01a_T5aSS_2	GCF0002326
OCAT001c01a_T5aSS_1	GCF0002327
PSFO001c01a_T5aSS_1	GCF0002328
ME44000c01a_T1SS_6	GCF0002329
BUPS008c01a_T5bSS_2	GCF0002330
RODE001c01a_T1SS_2	GCF0002331
MAMA001c01a_T1SS_2	GCF0002332
AZCA001c01a_T5aSS_2	GCF0002333
BRCA002c01a_T5aSS_2	GCF0002334
AGVI001p02a_pT4SSt_1	GCF0002335
AGRA001p01a_T4SS_typeT_1	GCF0002336
RHET001p06a_T3SS_1	GCF0002337
SPMM001c01a_T5aSS_1	GCF0002338
STML002c01a_T5aSS_2	GCF0002339
CAK3001p01a_T4SS_typeT_1	GCF0002340
CAK3001p02a_T4SS_typeT_1	GCF0002341
RHSP001c01a_T1SS_2	GCF0002342
PONA001p08a_T4SS_typeT_1	GCF0002343
PALA001c01a_T4SS_typeT_2	GCF0002344
MEOP001c01a_T4SS_typeT_1	GCF0002345
HIBA001c01a_T4SS_typeT_1	GCF0002346
PABE001c01a_T4SS_typeT_2	GCF0002347
ASEX001c02a_T4SS_typeT_1	GCF0002348
OLCA001c01a_T4SS_typeT_3	GCF0002349
GLDI002c01a_T4SS_typeT_1	GCF0002350
SPMM001c01a_T4SS_typeT_2	GCF0002351
XAAU001c01a_T4SS_typeT_1	GCF0002352
RHPA007c01a_T4SS_typeT_1	GCF0002353
NOAR001c01a_T4SS_typeT_1	GCF0002354
PEHA001c01a_T4SS_typeT_1	GCF0002355
ACMU001c01a_T4SS_typeT_2	GCF0002356
PHZU001c01a_T4SS_typeT_1	GCF0002357
ASEX001c02a_pT4SSt_1	GCF0002358
MESC001c01a_T4SS_typeT_2	GCF0002359
CAK3001c01a_T4SS_typeT_2	GCF0002360
GEM2001c01a_T4SS_typeT_1	GCF0002361
SPWI001c01a_T4SS_typeT_1	GCF0002362
NOAR001c01a_T5aSS_1	GCF0002363
SIMD001c01a_T5bSS_1	GCF0002364
JASP001c01a_T5aSS_10	GCF0002365
JASP001c01a_T5aSS_9	GCF0002366
ACBA001c01a_T5aSS_1	GCF0002367
TIMO001c01a_T1SS_3	GCF0002368
ACMU001c01a_T5aSS_1	GCF0002369
ENCL002c01a_T5aSS_3	GCF0002370
HESE001c01a_T1SS_3	GCF0002371
RHPA007c01a_T5aSS_4	GCF0002372
MAMA001c01a_T1SS_1	GCF0002373
JACC001c01a_T5aSS_1	GCF0002374
MASP001c01a_T1SS_2	GCF0002375
SPCH001c02a_T5aSS_1	GCF0002376
BRJA001c01a_Tad_2	GCF0002377
AZBR001p03a_Tad_1	GCF0002378
SERU001p09a_T5aSS_1	GCF0002379
MAAQ001p01a_T4SS_typeG_1	GCF0002380
KIRA001c01a_Flagellum_1	GCF0002381
SIME005c01a_T1SS_1	GCF0002382
PHMI001p01a_T4SS_typeT_1	GCF0002383
SPJA001c01a_T1SS_2	GCF0002384
JACC001c01a_T5cSS_1	GCF0002385
AZB5001c01a_T5aSS_2	GCF0002386
PALA001c01a_T1SS_1	GCF0002387
RHET002p01a_T3SS_1	GCF0002388
VEEI001c01a_pT4SSt_1	GCF0002389
PUT7001c01a_T5aSS_2	GCF0002390
AZB5001p01a_T1SS_2	GCF0002391
DESU001c01a_T5aSS_2	GCF0002392
THCY001c01a_T5bSS_4	GCF0002393
PSDE001c01a_T5bSS_3	GCF0002394
SETE001c01a_T5aSS_16	GCF0002395
YEPS001p02a_T5cSS_1	GCF0002396
ERBI001c01a_T1SS_1	GCF0002397
DEPS001c01a_T5aSS_1	GCF0002398
BURH001p01a_T5aSS_1	GCF0002399
VINI001c02a_T5cSS_1	GCF0002400
BU38001c02a_T5bSS_2	GCF0002401
PEUB001c01a_T5aSS_5	GCF0002402
LEBU001c01a_T5aSS_1	GCF0002403
PSFL007c01a_T5bSS_1	GCF0002404
PSFL007c01a_T5aSS_3	GCF0002405
RIBE002c01a_T5aSS_4	GCF0002406
PADE001c02a_T5aSS_1	GCF0002407
PSIN001c01a_T5bSS_1	GCF0002408
THPP001c01a_T5bSS_1	GCF0002409
JASP001c01a_T5aSS_13	GCF0002410
SETE001c01a_T5aSS_7	GCF0002411
ROLI001c01a_T5bSS_1	GCF0002412
BUGD001p02a_T4SS_typeF_1	GCF0002413
PSSA001c01a_T1SS_1	GCF0002414
GLPS001c01a_T5bSS_1	GCF0002415
ACFM001c01a_T5cSS_2	GCF0002416
BUKJ001c03a_T5cSS_3	GCF0002417
RH2A001c01a_T5aSS_2	GCF0002418
BUKJ001c03a_T5cSS_1	GCF0002419
RIFE001c01a_T5aSS_5	GCF0002420
PIST001c01a_Flagellum_1	GCF0002421
BROL001c01a_T1SS_1	GCF0002422
PSFO001c01a_T5aSS_2	GCF0002423
BAFR003c01a_T1SS_2	GCF0002424
SHWO001c01a_T5cSS_1	GCF0002425
AZBR001p01a_T5aSS_1	GCF0002426
SINE001c01a_T5aSS_1	GCF0002427
COFU001c01a_T5aSS_7	GCF0002428
DEAS001c01a_T1SS_2	GCF0002429
SERU001c01a_T5cSS_1	GCF0002430
SHPE001c01a_T5cSS_1	GCF0002431
SETE001c01a_T5aSS_11	GCF0002432
VEPA001c01a_T5cSS_11	GCF0002433
AGAP001c01a_T5aSS_2	GCF0002434
SETE001c01a_T5aSS_1	GCF0002435
AGAC001p01a_T4SS_typeT_1	GCF0002436
STNO001c01a_T5aSS_3	GCF0002437
PAAN004c01a_T5aSS_1	GCF0002438
LAIN002c01a_T5aSS_2	GCF0002439
AKMU001c01a_T5aSS_2	GCF0002440
MEEL001c01a_T5cSS_8	GCF0002441
LAIN002c01a_T5aSS_1	GCF0002442
NO1Y001c01a_T5aSS_1	GCF0002443
VEPA001c01a_T5aSS_2	GCF0002444
HESE001c01a_T5aSS_1	GCF0002445
AZCA001c01a_T5aSS_1	GCF0002446
BACF001c01a_T1SS_1	GCF0002447
ALMA006c01a_T1SS_1	GCF0002448
GRBE001c01a_T5bSS_1	GCF0002449
VAPA001c01a_T5aSS_2	GCF0002450
MAPO001c01a_T5bSS_1	GCF0002451
SIMD001p03a_T5aSS_2	GCF0002452
BRSP002c01a_T5aSS_3	GCF0002453
VEPA001c01a_T5cSS_10	GCF0002454
YEPS002c01a_T5aSS_8	GCF0002455
LEBU001c01a_T5aSS_6	GCF0002456
RIAN005c01a_T1SS_1	GCF0002457
DEAC001c01a_T1SS_2	GCF0002458
JASP001c01a_T5aSS_5	GCF0002459
DEAF001c01a_T1SS_1	GCF0002460
DEBR001c01a_T5aSS_5	GCF0002461
MIMI001c01a_T1SS_1	GCF0002462
BOPT001c01a_T5aSS_3	GCF0002463
SHWO001c01a_T1SS_2	GCF0002464
BAVU001c01a_T1SS_1	GCF0002465
MAMA001c01a_T1SS_3	GCF0002466
RHPA007c01a_T5aSS_3	GCF0002467
HACH001c01a_T5aSS_3	GCF0002468
ILPO001p01a_T5aSS_1	GCF0002469
STNO001c01a_T5cSS_1	GCF0002470
STMO001c01a_T5aSS_1	GCF0002471
SERU001p09a_T5bSS_2	GCF0002472
DEAS001c01a_T5bSS_1	GCF0002473
DEDE002c01a_T5aSS_1	GCF0002474
TIMO001c01a_T5aSS_2	GCF0002475
ACSP001c01a_T5cSS_1	GCF0002476
BOBR002c01a_T5aSS_8	GCF0002477
PIST001c01a_Tad_1	GCF0002478
SETE001c01a_T5aSS_12	GCF0002479
VEPA001c01a_T5cSS_9	GCF0002480
ACFR001c01a_T4SS_typeI_1	GCF0002481
PSAE003c01a_T5cSS_1	GCF0002482
ACXY001c01a_T5aSS_1	GCF0002483
CAFE001c01a_T5aSS_2	GCF0002484
HAHY001c01a_T1SS_3	GCF0002485
BUCG001c02a_T5aSS_2	GCF0002486
PRRU001c01a_T1SS_2	GCF0002487
BOAV001c01a_T5aSS_1	GCF0002488
PHZU001c01a_T1SS_1	GCF0002489
DESL001c01a_T5aSS_1	GCF0002490
ACMA001c01a_T5bSS_1	GCF0002491
DEPS001c01a_T5aSS_3	GCF0002492
PESC001c01a_T5cSS_1	GCF0002493
PUT7001c01a_T5aSS_6	GCF0002494
SIMD001c01a_T5aSS_1	GCF0002495
DYFE001c01a_T1SS_1	GCF0002496
NIMU001c01a_T5aSS_2	GCF0002497
MEAA001c01a_T5aSS_2	GCF0002498
VINI001c02a_T1SS_2	GCF0002499
PEMA001c01a_T5bSS_1	GCF0002500
TIMO001c01a_T1SS_4	GCF0002501
XAAX002c01a_T1SS_1	GCF0002502
VEPA001c01a_T5cSS_6	GCF0002503
SYPP002c01a_T1SS_1	GCF0002504
SYWH001c01a_T1SS_3	GCF0002505
CHCH001c01a_T5bSS_1	GCF0002506
CYGR001c01a_T1SS_2	GCF0002507
SYWH001c01a_T1SS_2	GCF0002508
STML002c01a_T5cSS_2	GCF0002509
STML003c01a_T5aSS_4	GCF0002510
STML003c01a_T5aSS_1	GCF0002511
AKMU001c01a_T5aSS_1	GCF0002512
SINE001c01a_T5aSS_2	GCF0002513
SIMD001p03a_T1SS_2	GCF0002514
AZCA001c01a_T1SS_2	GCF0002515
BRJA002c01a_T1SS_5	GCF0002516
SIFR002c01a_T1SS_1	GCF0002517
SETE001c01a_T5aSS_4	GCF0002518
SETE001c01a_T5aSS_6	GCF0002519
MEEL001c01a_T5bSS_1	GCF0002520
SESP001c01a_T5bSS_6	GCF0002521
SERU001p08a_T5bSS_1	GCF0002522
SERU001c01a_T5aSS_1	GCF0002523
SESP001c01a_T5aSS_1	GCF0002524
ACIN001c01a_T5cSS_3	GCF0002525
SERU001c01a_pT4SSt_1	GCF0002526
ACFM001c01a_T5cSS_1	GCF0002527
SERU001c01a_T5aSS_2	GCF0002528
ROLI001c01a_T1SS_3	GCF0002529
PRMA002c01a_T5aSS_1	GCF0002530
PRMA011c01a_T5aSS_1	GCF0002531
POJS001p01a_pT4SSt_1	GCF0002532
POJS001p02a_T4SS_typeT_1	GCF0002533
LE73001c01a_T5bSS_2	GCF0002534
OSAC001c01a_T5bSS_1	GCF0002535
ANVA001c01a_T1SS_4	GCF0002536
NIDE001c01a_T5bSS_4	GCF0002537
MEFG001c01a_T5aSS_1	GCF0002538
LAIN001p03a_T5aSS_5	GCF0002539
LAIN001p03a_T5aSS_9	GCF0002540
DEAL001c01a_T5bSS_1	GCF0002541
DEAL001c01a_T5bSS_2	GCF0002542
CYTC006p01a_T4SS_typeC_1	GCF0002543
CYTC003c01a_T5bSS_2	GCF0002544
CYTC006c01a_T5bSS_2	GCF0002545
CYTC001c01a_T5bSS_2	GCF0002546
CAJE003p01a_T4SS_typeT_1	GCF0002547
CACL001c01a_T5aSS_1	GCF0002548
BUPS006c01a_T5cSS_1	GCF0002549
BUCC005c02a_T5cSS_2	GCF0002550
BRJA001c01a_T5aSS_4	GCF0002551
ARBU003c01a_T1SS_2	GCF0002552
ARBU001c01a_T5bSS_1	GCF0002553
ACXY002c01a_T5aSS_9	GCF0002554
ACFM001c01a_T5cSS_5	GCF0002555
ACIN001c01a_T5cSS_6	GCF0002556
ACFM001c01a_T5cSS_4	GCF0002557
ACIN001c01a_T5cSS_7	GCF0002558
ACFE002c01a_T1SS_1	GCF0002559
ACFM001c01a_T5cSS_3	GCF0002560
ACIN001c01a_T5aSS_2	GCF0002561
ACIN001c01a_T5bSS_1	GCF0002562
ACIN001c01a_T5cSS_1	GCF0002563
ACIN001c01a_T5cSS_4	GCF0002564
ACMA001p06a_T4SS_typeC_1	GCF0002565
ACMA001p06a_T5bSS_1	GCF0002566
ACXY002c01a_T1SS_1	GCF0002567
ADKA001c01a_T5bSS_1	GCF0002568
AGRA001c02a_T1SS_2	GCF0002569
AGTU001c02a_T1SS_1	GCF0002570
AGTU001p02a_pT4SSt_1	GCF0002571
AGVI001c01a_T1SS_3	GCF0002572
AKMU001c01a_T5aSS_5	GCF0002573
ALDI001c01a_T5aSS_1	GCF0002574
ALDI001c01a_T5cSS_1	GCF0002575
AN90001c01a_T1SS_5	GCF0002576
ANSF001c01a_T1SS_1	GCF0002577
ARLL001c01a_T4SS_typeF_1	GCF0002578
ARLL001c01a_T5aSS_1	GCF0002579
ARLL001c01a_T5bSS_2	GCF0002580
AZBR001p01a_T1SS_1	GCF0002581
AZBR001p06a_T5bSS_1	GCF0002582
AZCA001c01a_T1SS_1	GCF0002583
AZCA001c01a_T5aSS_9	GCF0002584
AZSP001p01a_T4SS_typeF_1	GCF0002585
AZVI002c01a_T5bSS_2	GCF0002586
BRJA001c01a_T5cSS_1	GCF0002587
BRJA002c01a_T1SS_1	GCF0002588
BRJA002c01a_T5aSS_2	GCF0002589
BRS2001c01a_T5aSS_6	GCF0002590
BRSB001c01a_T5aSS_1	GCF0002591
BUPH001c02a_T5cSS_2	GCF0002592
BUPT001p01a_T4SS_typeT_1	GCF0002593
BUYI001p03a_T5aSS_1	GCF0002594
CACR001c01a_T5bSS_1	GCF0002595
CAHO001c01a_T5aSS_1	GCF0002596
CAHO001c01a_T5cSS_2	GCF0002597
CHLI001c01a_T1SS_1	GCF0002598
CHMI001c01a_T4SS_typeC_1	GCF0002599
CHPA001c01a_T5cSS_1	GCF0002600
CHPI001c01a_T1SS_1	GCF0002601
CHTH001c01a_T1SS_1	GCF0002602
CHTM001c01a_T1SS_1	GCF0002603
COBU002c01a_T1SS_1	GCF0002604
COFU001c01a_T5cSS_3	GCF0002605
CYST001c01a_T5bSS_4	GCF0002606
CYTC001c01a_T1SS_1	GCF0002607
CYTC001c02a_T5bSS_1	GCF0002608
CYTC001c02a_T5bSS_2	GCF0002609
CYTC006p05a_T4SS_typeC_1	GCF0002610
DASA001c01a_T5bSS_1	GCF0002611
DEAK001c01a_Tad_1	GCF0002612
DEAR001c01a_T5bSS_1	GCF0002613
DEBR001c01a_T1SS_1	GCF0002614
DEBR001c01a_T5aSS_1	GCF0002615
DEBR001c01a_T5aSS_2	GCF0002616
DEBR001c01a_T5aSS_4	GCF0002617
DEDU001c01a_T5aSS_1	GCF0002618
DEMA001c01a_T1SS_1	GCF0002619
DEOL001c01a_T5aSS_1	GCF0002620
DEPI001c01a_T1SS_1	GCF0002621
DEPS001c01a_T5aSS_6	GCF0002622
DESL001c01a_T1SS_1	GCF0002623
DESL001c01a_T1SS_2	GCF0002624
EDIC001c01a_T5cSS_1	GCF0002625
EMOL001p01a_T4SS_typeB_1	GCF0002626
ESCO029c01a_T3SS_1	GCF0002627
GEAU001c01a_T1SS_1	GCF0002628
GL74001c01a_T5aSS_1	GCF0002629
GLDI001c01a_T5aSS_1	GCF0002630
GLDI001c01a_Tad_1	GCF0002631
GLDI001p02a_pT4SSt_1	GCF0002632
HACH001c01a_T5aSS_2	GCF0002633
HACH001c01a_T5bSS_1	GCF0002634
HAHO001c01a_T1SS_1	GCF0002635
HANE001c01a_T5aSS_1	GCF0002636
HANE001c01a_T5bSS_1	GCF0002637
HAPR001c01a_T5bSS_1	GCF0002638
HEMU001c01a_T5bSS_1	GCF0002639
HEPY046c01a_T5aSS_1	GCF0002640
HESE001c01a_T5bSS_1	GCF0002641
HIBA001c01a_T1SS_1	GCF0002642
HYMC001c01a_T5aSS_1	GCF0002643
HYMC001c01a_T5aSS_3	GCF0002644
LAIN002p02a_T5aSS_1	GCF0002645
LEBI002c01a_T1SS_1	GCF0002646
LEBU001c01a_T4SS_typeT_1	GCF0002647
LEPN004c01a_T4SS_typeG_1	GCF0002648
MAMA001c01a_T5aSS_1	GCF0002649
MAMA001c01a_T5bSS_1	GCF0002650
MASP001c01a_T1SS_1	GCF0002651
MASP001c01a_T5bSS_2	GCF0002652
ME44000c01a_T5aSS_2	GCF0002653
ME44000c01a_T5bSS_1	GCF0002654
ME68001c01a_T5aSS_1	GCF0002655
MECI001p01a_T5bSS_1	GCF0002656
MEEL001c01a_T5cSS_1	GCF0002657
MEEL001c01a_T5cSS_6	GCF0002658
MEJ7001c01a_T5bSS_2	GCF0002659
MEME001c01a_T1SS_1	GCF0002660
MENO001p07a_T1SS_2	GCF0002661
MERB001c01a_T1SS_1	GCF0002662
MESI001c01a_T5cSS_1	GCF0002663
MESL001c01a_T5aSS_1	GCF0002664
MIAE001c01a_T1SS_2	GCF0002665
MOCA001c01a_T5cSS_3	GCF0002666
NAPR001c01a_T5aSS_1	GCF0002667
NEGO002c01a_T5bSS_1	GCF0002668
NIDE001c01a_T5bSS_1	GCF0002669
NIDE001c01a_T5bSS_2	GCF0002670
NIDE001c01a_T5bSS_3	GCF0002671
NOSP001c01a_T1SS_4	GCF0002672
OCAN001c02a_T5aSS_1	GCF0002673
OSAC001c01a_T5bSS_3	GCF0002674
OSAC001c01a_T5bSS_4	GCF0002675
OSNI001c01a_T1SS_1	GCF0002676
PAAC001c01a_T5aSS_1	GCF0002677
PECA001c01a_T5cSS_1	GCF0002678
PEHA001c01a_T5aSS_1	GCF0002679
PEMA001p01a_T4SS_typeF_1	GCF0002680
PHAB001c01a_T1SS_3	GCF0002681
PHGA001c01a_T5aSS_1	GCF0002682
PISP001c01a_T1SS_1	GCF0002683
PISP001c01a_T5aSS_1	GCF0002684
PISP001c01a_T5bSS_1	GCF0002685
PIST001c01a_T1SS_1	GCF0002686
PL73001c01a_T5bSS_1	GCF0002687
PLBR001c01a_T1SS_1	GCF0002688
PLLI001c01a_T1SS_1	GCF0002689
PRMA007c01a_T1SS_2	GCF0002690
PRMA010c01a_T1SS_1	GCF0002691
PRMA012c01a_T5aSS_1	GCF0002692
PSDE001c01a_T5cSS_1	GCF0002693
PSFO001c01a_T1SS_2	GCF0002694
PSFO001c01a_T1SS_5	GCF0002695
PUMA001c01a_T5aSS_1	GCF0002696
PUT7001c01a_T5aSS_1	GCF0002697
RAPI002p01a_pT4SSt_1	GCF0002698
RAY9001p02a_T5aSS_1	GCF0002699
RH2A001c01a_T1SS_1	GCF0002700
RH2A001c01a_T4SS_typeF_1	GCF0002701
RHFE001p01a_T4SS_typeT_1	GCF0002702
RHPA002c01a_T5aSS_3	GCF0002703
RHPA003c01a_T5cSS_2	GCF0002704
RHPA005c01a_T5aSS_5	GCF0002705
RHPH001c01a_T1SS_1	GCF0002706
RI71001c01a_T1SS_7	GCF0002707
RI71001c01a_T5bSS_4	GCF0002708
RI71001c01a_T5bSS_5	GCF0002709
RUSL001c01a_T1SS_4	GCF0002710
RUSL001p02a_T4SS_typeB_1	GCF0002711
SERU001c01a_T5bSS_1	GCF0002712
SESP001c01a_T5bSS_1	GCF0002713
SETE001c01a_T5aSS_10	GCF0002714
SETE001c01a_T5aSS_3	GCF0002715
SETE001c01a_T5aSS_9	GCF0002716
SINE001c01a_T5bSS_2	GCF0002717
SPCH001c02a_T1SS_1	GCF0002718
SPLI001c01a_T1SS_1	GCF0002719
SPMM001c01a_T5aSS_3	GCF0002720
SPMM001c01a_T5bSS_2	GCF0002721
SPWI001c01a_T1SS_1	GCF0002722
STMO001c01a_T5cSS_18	GCF0002723
STNO001c01a_T5aSS_5	GCF0002724
STNO001c01a_T5aSS_6	GCF0002725
SUDN001c01a_T1SS_1	GCF0002726
SYAC001c01a_T5aSS_1	GCF0002727
SYCC001c01a_T5aSS_1	GCF0002728
SYPP002c01a_T5cSS_2	GCF0002729
SYPP003c01a_T5cSS_1	GCF0002730
SYSP001c01a_T5bSS_1	GCF0002731
TAAS001c01a_T5cSS_3	GCF0002732
TERO001c01a_T1SS_1	GCF0002733
THID001c01a_T4SS_typeF_1	GCF0002734
THK9001p01a_T4SS_typeT_1	GCF0002735
THNR001c01a_T1SS_1	GCF0002736
THOP001c01a_T5aSS_1	GCF0002737
THSP001c01a_T5bSS_1	GCF0002738
VAPA002c01a_T5aSS_2	GCF0002739
VEPA001c01a_T5bSS_2	GCF0002740
VEPA001c01a_T5cSS_12	GCF0002741
VIFI002p01a_T4SS_typeI_1	GCF0002742
WOUC001c01a_T5aSS_1	GCF0002743
XAAU001c01a_T5aSS_3	GCF0002744
